,Open time,Open,High,Low,Close,Volume,Close time,Quote asset volume,Number of trades,Taker buy base asset volume,Taker buy quote asset volume,Ignore,Buy,Sell
0,2023-05-29 20:00:00,1891.19,1894.87,1890.33,1892.82,3986.6772,2023-05-29 20:59:59.999,7546487.420563,9536,2106.7514,3987608.750526,0,False,False
1,2023-05-29 21:00:00,1892.81,1894.99,1889.6,1890.43,4220.6925,2023-05-29 21:59:59.999,7985927.909589,9761,2031.2454,3843264.697879,0,False,True
2,2023-05-29 22:00:00,1890.43,1892.97,1886.02,1892.23,7071.1352,2023-05-29 22:59:59.999,13359546.118033,12785,3261.2144,6161536.238908,0,False,False
3,2023-05-29 23:00:00,1892.23,1903.0,1891.45,1892.6,10302.3332,2023-05-29 23:59:59.999,19537632.336499,15305,5029.6008,9538858.489139,0,False,False
4,2023-05-30 00:00:00,1892.6,1893.87,1881.19,1893.86,12306.6795,2023-05-30 00:59:59.999,23246183.426157,21761,6430.554,12148885.901058,0,True,False
5,2023-05-30 01:00:00,1893.86,1899.45,1892.63,1897.7,8276.7197,2023-05-30 01:59:59.999,15700561.171012,13998,4909.8651,9313642.56138,0,True,False
6,2023-05-30 02:00:00,1897.71,1900.87,1894.93,1899.41,5224.591,2023-05-30 02:59:59.999,9914818.531003,10239,2847.9253,5404578.839996,0,True,False
7,2023-05-30 03:00:00,1899.4,1912.55,1897.51,1900.66,14014.094,2023-05-30 03:59:59.999,26679247.544459,19575,7446.1344,14175674.033809,0,True,False
8,2023-05-30 04:00:00,1900.67,1902.2,1896.61,1898.11,9108.8671,2023-05-30 04:59:59.999,17302616.331943,13262,3254.6043,6181317.374955,0,True,False
9,2023-05-30 05:00:00,1898.1,1899.34,1892.72,1898.01,8668.6183,2023-05-30 05:59:59.999,16438056.072043,13962,3981.1406,7548656.038755,0,True,False
10,2023-05-30 06:00:00,1898.01,1903.57,1898.0,1902.55,8555.3354,2023-05-30 06:59:59.999,16267377.733894,16837,4679.5658,8897399.98348,0,True,False
11,2023-05-30 07:00:00,1902.55,1905.0,1898.22,1898.23,7601.7998,2023-05-30 07:59:59.999,14455822.48378,18502,2978.9471,5665389.855615,0,True,False
12,2023-05-30 08:00:00,1898.22,1904.8,1898.22,1902.24,8621.3888,2023-05-30 08:59:59.999,16400701.384801,15113,3899.8777,7417612.264392,0,True,False
13,2023-05-30 09:00:00,1902.25,1908.88,1902.24,1906.86,8847.5903,2023-05-30 09:59:59.999,16864786.543405,16097,4333.4927,8259610.200094,0,True,False
14,2023-05-30 10:00:00,1906.85,1917.0,1906.51,1907.41,17476.5908,2023-05-30 10:59:59.999,33401408.106571,23952,9732.3688,18600285.942688,0,True,False
15,2023-05-30 11:00:00,1907.41,1915.97,1905.54,1915.4,11981.1916,2023-05-30 11:59:59.999,22910858.170853,18425,7300.5755,13960341.490392,0,True,False
16,2023-05-30 12:00:00,1915.4,1915.7,1904.16,1909.73,13472.0044,2023-05-30 12:59:59.999,25730892.239339,22451,5552.1926,10604402.05503,0,True,False
17,2023-05-30 13:00:00,1909.73,1914.24,1902.72,1905.43,19668.0283,2023-05-30 13:59:59.999,37556650.005155,24955,8369.713,15982384.778858,0,True,False
18,2023-05-30 14:00:00,1905.43,1910.2,1896.2,1896.88,23896.7901,2023-05-30 14:59:59.999,45489689.954052,29535,12185.8836,23197416.4415,0,False,False
19,2023-05-30 15:00:00,1896.87,1904.05,1894.11,1900.56,15128.6992,2023-05-30 15:59:59.999,28740633.000758,22221,8454.6476,16062110.792056,0,False,False
20,2023-05-30 16:00:00,1900.56,1905.8,1891.33,1904.22,16684.6747,2023-05-30 16:59:59.999,31698562.537318,22262,7163.8764,13611725.607947,0,False,False
21,2023-05-30 17:00:00,1904.23,1912.64,1897.61,1902.8,13657.1799,2023-05-30 17:59:59.999,26006384.35646,18856,6123.2715,11660634.284082,0,False,False
22,2023-05-30 18:00:00,1902.81,1909.99,1900.84,1908.02,10215.0123,2023-05-30 18:59:59.999,19470024.948313,14649,4565.5846,8702102.515624,0,False,False
23,2023-05-30 19:00:00,1908.01,1908.4,1905.0,1907.32,6812.7057,2023-05-30 19:59:59.999,12992285.755975,12028,3423.6324,6528776.539246,0,True,False
24,2023-05-30 20:00:00,1907.33,1907.4,1901.92,1903.72,9833.388,2023-05-30 20:59:59.999,18730161.87426,15627,5024.1384,9569256.476254,0,False,False
25,2023-05-30 21:00:00,1903.72,1914.78,1902.43,1905.59,9657.8008,2023-05-30 21:59:59.999,18428987.196006,14836,5743.1352,10960122.11744,0,False,False
26,2023-05-30 22:00:00,1905.6,1905.97,1898.96,1904.4,5258.5942,2023-05-30 22:59:59.999,10007591.429859,10706,2598.9299,4945431.871267,0,False,False
27,2023-05-30 23:00:00,1904.41,1904.76,1897.35,1900.59,7697.4963,2023-05-30 23:59:59.999,14624895.45,12400,3288.1044,6246789.771709,0,False,False
28,2023-05-31 00:00:00,1900.58,1905.27,1898.14,1904.96,5532.6394,2023-05-31 00:59:59.999,10519772.612681,14904,3332.0731,6336014.109378,0,False,False
29,2023-05-31 01:00:00,1904.97,1907.13,1902.4,1903.2,5934.0383,2023-05-31 01:59:59.999,11303774.494915,11071,2217.7344,4224416.589579,0,False,False
30,2023-05-31 02:00:00,1903.21,1903.21,1884.29,1896.0,19892.9679,2023-05-31 02:59:59.999,37653521.171279,27213,9602.5895,18172189.822148,0,False,False
31,2023-05-31 03:00:00,1895.99,1897.95,1892.81,1897.71,5046.6592,2023-05-31 03:59:59.999,9567740.929152,11425,1980.4592,3754812.208991,0,False,False
32,2023-05-31 04:00:00,1897.71,1898.53,1870.0,1874.01,32418.5007,2023-05-31 04:59:59.999,61120522.835717,35398,14695.2361,27705049.568828,0,False,True
33,2023-05-31 05:00:00,1874.01,1875.62,1859.5,1864.23,41457.9851,2023-05-31 05:59:59.999,77473983.80036,44649,18597.8754,34750752.264722,0,False,True
34,2023-05-31 06:00:00,1864.23,1867.88,1857.67,1867.8,20024.233,2023-05-31 06:59:59.999,37317214.947059,23164,9671.2497,18022091.402627,0,False,True
35,2023-05-31 07:00:00,1867.81,1873.23,1865.32,1869.31,11883.4079,2023-05-31 07:59:59.999,22218411.286123,17203,4870.2043,9106405.888802,0,False,True
36,2023-05-31 08:00:00,1869.3,1873.46,1867.02,1868.26,11646.9348,2023-05-31 08:59:59.999,21779991.404259,17307,5597.0221,10466090.112167,0,False,True
37,2023-05-31 09:00:00,1868.26,1871.1,1866.42,1869.85,11072.9465,2023-05-31 09:59:59.999,20694675.717269,16165,5263.026,9835611.011574,0,False,True
38,2023-05-31 10:00:00,1869.86,1871.54,1864.47,1865.81,6725.7989,2023-05-31 10:59:59.999,12565268.322212,13250,2757.6252,5151704.633864,0,False,True
39,2023-05-31 11:00:00,1865.81,1868.59,1862.2,1865.19,8656.3568,2023-05-31 11:59:59.999,16152925.448294,15652,3905.3397,7287335.371717,0,False,True
40,2023-05-31 12:00:00,1865.2,1868.9,1862.89,1866.47,6511.8589,2023-05-31 12:59:59.999,12151963.139621,13596,3268.9342,6099984.638207,0,False,True
41,2023-05-31 13:00:00,1866.47,1875.02,1866.06,1868.87,17461.9093,2023-05-31 13:59:59.999,32677744.136409,23355,9390.6749,17571840.705247,0,False,True
42,2023-05-31 14:00:00,1868.86,1868.87,1846.95,1861.4,36362.9363,2023-05-31 14:59:59.999,67582947.626193,40906,17643.8973,32791432.35444,0,False,True
43,2023-05-31 15:00:00,1861.41,1862.77,1855.0,1857.94,14128.1845,2023-05-31 15:59:59.999,26261132.30949,20584,5905.4686,10979329.151989,0,False,True
44,2023-05-31 16:00:00,1857.95,1862.28,1854.28,1859.9,9537.5074,2023-05-31 16:59:59.999,17734445.998928,15108,4671.8165,8686887.923367,0,False,True
45,2023-05-31 17:00:00,1859.9,1868.34,1859.36,1865.9,10839.6201,2023-05-31 17:59:59.999,20201561.064272,16115,5258.4088,9800566.810188,0,False,True
46,2023-05-31 18:00:00,1865.89,1866.89,1861.93,1864.01,9524.8589,2023-05-31 18:59:59.999,17762174.738956,12457,4071.7882,7592859.516986,0,False,True
47,2023-05-31 19:00:00,1864.0,1869.75,1861.62,1863.63,7481.4873,2023-05-31 19:59:59.999,13958142.588652,12990,3109.6255,5800020.045805,0,False,False
48,2023-05-31 20:00:00,1863.63,1868.8,1863.2,1865.18,5792.0252,2023-05-31 20:59:59.999,10808976.473036,14175,2874.1872,5363769.818266,0,False,False
49,2023-05-31 21:00:00,1865.17,1866.19,1861.48,1864.2,4703.4753,2023-05-31 21:59:59.999,8767031.111937,10517,2218.9682,4135988.901736,0,False,False
50,2023-05-31 22:00:00,1864.19,1871.27,1863.72,1869.42,6868.3499,2023-05-31 22:59:59.999,12822466.296569,10131,3404.9987,6357285.332695,0,False,False
51,2023-05-31 23:00:00,1869.43,1878.14,1868.11,1873.63,9750.8865,2023-05-31 23:59:59.999,18264007.090651,13798,5141.8842,9631577.858937,0,False,False
52,2023-06-01 00:00:00,1873.63,1889.2,1868.14,1871.27,30398.8449,2023-06-01 00:59:59.999,57157255.234582,40143,15202.3465,28578307.177596,0,False,False
53,2023-06-01 01:00:00,1871.27,1879.54,1871.11,1874.17,11487.3081,2023-06-01 01:59:59.999,21554599.561463,15849,5885.2691,11041579.943588,0,False,False
54,2023-06-01 02:00:00,1874.17,1875.04,1848.87,1852.6,25516.7889,2023-06-01 02:59:59.999,47415820.215027,30162,12257.1967,22770861.469649,0,False,False
55,2023-06-01 03:00:00,1852.61,1858.33,1840.0,1855.5,18501.4601,2023-06-01 03:59:59.999,34242701.29653,27040,9182.7846,16995901.976683,0,False,False
56,2023-06-01 04:00:00,1855.5,1856.49,1852.22,1854.57,7902.4512,2023-06-01 04:59:59.999,14656972.889431,13403,3385.4782,6278956.148372,0,False,False
57,2023-06-01 05:00:00,1854.57,1858.04,1853.85,1855.65,5089.5588,2023-06-01 05:59:59.999,9449451.660046,10576,2640.3259,4901891.694651,0,False,True
58,2023-06-01 06:00:00,1855.66,1857.28,1853.7,1855.01,7309.0589,2023-06-01 06:59:59.999,13563168.812658,13909,4234.4651,7857566.725864,0,False,True
59,2023-06-01 07:00:00,1855.02,1860.38,1851.4,1854.21,8729.7155,2023-06-01 07:59:59.999,16195836.328399,16603,4166.11,7729774.361291,0,False,True
60,2023-06-01 08:00:00,1854.22,1861.34,1852.02,1860.61,6752.8464,2023-06-01 08:59:59.999,12537533.568447,13785,3396.0286,6304392.198393,0,False,False
61,2023-06-01 09:00:00,1860.6,1865.96,1860.46,1862.11,8247.6674,2023-06-01 09:59:59.999,15362528.390041,13649,4105.5557,7647598.768391,0,False,False
62,2023-06-01 10:00:00,1862.11,1863.19,1859.34,1859.64,4588.0757,2023-06-01 10:59:59.999,8539564.090974,11467,2154.2234,4009629.966359,0,False,False
63,2023-06-01 11:00:00,1859.64,1862.2,1858.0,1861.5,4526.0994,2023-06-01 11:59:59.999,8419706.375973,11493,2480.8194,4614867.660384,0,False,False
64,2023-06-01 12:00:00,1861.5,1866.11,1857.4,1864.61,9690.3422,2023-06-01 12:59:59.999,18037470.927957,16407,5423.2745,10094721.954466,0,False,False
65,2023-06-01 13:00:00,1864.62,1866.56,1859.37,1861.1,8490.6357,2023-06-01 13:59:59.999,15817451.352633,16726,4001.7363,7455540.19054,0,False,False
66,2023-06-01 14:00:00,1861.11,1865.87,1855.68,1860.37,14447.453,2023-06-01 14:59:59.999,26879953.445202,18897,6407.6418,11921654.288207,0,False,False
67,2023-06-01 15:00:00,1860.37,1864.54,1858.09,1863.36,6930.9124,2023-06-01 15:59:59.999,12905644.691999,15512,3758.2376,6998121.066216,0,False,False
68,2023-06-01 16:00:00,1863.36,1882.86,1860.91,1876.36,21201.9762,2023-06-01 16:59:59.999,39655881.639788,26025,10870.2993,20331210.985919,0,False,False
69,2023-06-01 17:00:00,1876.35,1880.33,1868.15,1870.65,14679.7382,2023-06-01 17:59:59.999,27512860.12313,21939,7436.5743,13936968.142543,0,False,False
70,2023-06-01 18:00:00,1870.65,1877.28,1870.38,1873.79,8034.6601,2023-06-01 18:59:59.999,15052882.437137,12899,3974.5267,7445934.83389,0,False,False
71,2023-06-01 19:00:00,1873.8,1875.35,1857.02,1869.27,16462.1386,2023-06-01 19:59:59.999,30699975.419384,22182,7401.4702,13796196.768495,0,False,False
72,2023-06-01 20:00:00,1869.28,1873.04,1867.66,1869.01,7330.3378,2023-06-01 20:59:59.999,13709425.231759,14804,3151.9391,5894942.144583,0,False,False
73,2023-06-01 21:00:00,1869.02,1873.6,1867.34,1868.94,5931.651,2023-06-01 21:59:59.999,11097989.635763,10478,3053.8975,5713522.905454,0,False,False
74,2023-06-01 22:00:00,1868.94,1869.77,1864.04,1867.45,6688.9889,2023-06-01 22:59:59.999,12488892.415362,10682,3245.8102,6059638.002034,0,False,False
75,2023-06-01 23:00:00,1867.46,1867.75,1852.66,1861.78,11557.9003,2023-06-01 23:59:59.999,21494671.529695,18269,4970.9217,9242955.835663,0,False,False
76,2023-06-02 00:00:00,1861.78,1864.6,1847.51,1864.53,21069.9344,2023-06-02 00:59:59.999,39135596.155502,33195,9661.6391,17944443.221726,0,False,False
77,2023-06-02 01:00:00,1864.53,1870.0,1859.2,1867.96,10800.476,2023-06-02 01:59:59.999,20152154.230563,18424,5386.9755,10051978.755896,0,False,False
78,2023-06-02 02:00:00,1867.96,1880.62,1867.89,1877.57,15258.2755,2023-06-02 02:59:59.999,28622920.406232,23227,7709.789,14461764.803769,0,False,False
79,2023-06-02 03:00:00,1877.58,1879.96,1875.0,1878.64,7049.8038,2023-06-02 03:59:59.999,13229813.625461,10725,3944.7536,7403262.221283,0,True,False
80,2023-06-02 04:00:00,1878.64,1888.78,1875.68,1886.2,19487.4038,2023-06-02 04:59:59.999,36719437.889004,25696,9051.1158,17051354.226305,0,True,False
81,2023-06-02 05:00:00,1886.2,1897.4,1886.2,1893.38,18537.6556,2023-06-02 05:59:59.999,35081585.24653,23028,9070.4125,17163573.654114,0,True,False
82,2023-06-02 06:00:00,1893.39,1893.39,1889.07,1889.81,10439.1863,2023-06-02 06:59:59.999,19743377.447556,19545,6066.8683,11473898.696814,0,True,False
83,2023-06-02 07:00:00,1889.81,1890.51,1885.14,1885.65,12274.3825,2023-06-02 07:59:59.999,23171252.329151,19585,6206.4681,11716803.690141,0,True,False
84,2023-06-02 08:00:00,1885.64,1893.88,1885.64,1892.35,13437.2402,2023-06-02 08:59:59.999,25400328.55223,17828,8946.0847,16909734.626681,0,True,False
85,2023-06-02 09:00:00,1892.36,1894.67,1889.41,1889.84,10038.3511,2023-06-02 09:59:59.999,18989982.891241,15615,5216.1487,9868431.672214,0,True,False
86,2023-06-02 10:00:00,1889.83,1892.1,1889.03,1892.09,7159.593,2023-06-02 10:59:59.999,13533719.795807,12388,3792.2468,7168334.104061,0,True,False
87,2023-06-02 11:00:00,1892.1,1900.64,1891.23,1894.96,13858.6012,2023-06-02 11:59:59.999,26258939.716848,18856,6914.77,13101700.419573,0,True,False
88,2023-06-02 12:00:00,1894.95,1899.0,1881.0,1889.9,25946.9164,2023-06-02 12:59:59.999,49099572.501384,34693,12243.3672,23168078.625278,0,True,False
89,2023-06-02 13:00:00,1889.9,1893.4,1876.65,1879.41,22861.436,2023-06-02 13:59:59.999,43092615.225753,29208,10661.0615,20092560.155244,0,True,False
90,2023-06-02 14:00:00,1879.42,1887.84,1877.66,1885.31,14557.5565,2023-06-02 14:59:59.999,27406625.843357,19907,6841.796,12880859.381471,0,False,False
91,2023-06-02 15:00:00,1885.31,1893.6,1885.3,1892.0,8869.6616,2023-06-02 15:59:59.999,16754239.441434,17188,4768.2167,9008392.418271,0,True,False
92,2023-06-02 16:00:00,1892.01,1894.34,1887.56,1888.91,9671.7406,2023-06-02 16:59:59.999,18288042.984038,13724,4106.7021,7765632.584804,0,False,False
93,2023-06-02 17:00:00,1888.92,1893.62,1887.05,1893.29,5648.5813,2023-06-02 17:59:59.999,10681799.175176,11311,2644.068,4999885.056454,0,True,False
94,2023-06-02 18:00:00,1893.3,1910.0,1890.77,1909.37,24296.8248,2023-06-02 18:59:59.999,46212250.161871,28291,12783.9974,24320548.595996,0,True,False
95,2023-06-02 19:00:00,1909.37,1910.0,1905.5,1907.6,17424.2685,2023-06-02 19:59:59.999,33243908.875772,20430,8294.8805,15825321.955008,0,True,False
96,2023-06-02 20:00:00,1907.61,1910.0,1904.64,1904.64,7310.0422,2023-06-02 20:59:59.999,13944480.661143,14398,3558.5388,6789105.520286,0,True,False
97,2023-06-02 21:00:00,1904.65,1906.15,1902.62,1904.36,5094.6908,2023-06-02 21:59:59.999,9701252.405523,10392,2330.5827,4437852.963766,0,True,False
98,2023-06-02 22:00:00,1904.36,1908.47,1903.96,1906.18,7320.5704,2023-06-02 22:59:59.999,13954437.314076,10957,4779.5354,9110414.168449,0,True,False
99,2023-06-02 23:00:00,1906.17,1907.2,1904.55,1906.68,4590.8733,2023-06-02 23:59:59.999,8751150.223795,8177,2894.0219,5516603.475462,0,True,False
100,2023-06-03 00:00:00,1906.69,1907.92,1902.32,1903.29,10272.7428,2023-06-03 00:59:59.999,19578460.426011,18833,5052.6592,9629802.960109,0,True,False
101,2023-06-03 01:00:00,1903.3,1905.51,1897.42,1900.12,11103.8758,2023-06-03 01:59:59.999,21116082.396897,12886,6280.7014,11944500.410954,0,False,False
102,2023-06-03 02:00:00,1900.11,1901.81,1899.24,1899.32,3177.2035,2023-06-03 02:59:59.999,6038704.4602,7800,1596.054,3033313.150956,0,False,False
103,2023-06-03 03:00:00,1899.32,1901.67,1899.02,1899.84,4909.9031,2023-06-03 03:59:59.999,9328940.071966,8760,2408.7428,4576553.503658,0,False,False
104,2023-06-03 04:00:00,1899.84,1901.85,1897.44,1901.35,4749.8046,2023-06-03 04:59:59.999,9021716.942988,8579,2922.279,5550945.127814,0,False,False
105,2023-06-03 05:00:00,1901.35,1902.51,1900.24,1900.71,4389.7701,2023-06-03 05:59:59.999,8347669.48692,8340,2285.5262,4346183.114274,0,False,False
106,2023-06-03 06:00:00,1900.72,1905.66,1900.71,1903.99,5894.5403,2023-06-03 06:59:59.999,11221563.904454,14198,2745.3435,5225875.119332,0,False,False
107,2023-06-03 07:00:00,1903.99,1905.66,1902.54,1902.71,5032.7948,2023-06-03 07:59:59.999,9582696.949054,14384,2317.1478,4411794.220037,0,False,False
108,2023-06-03 08:00:00,1902.72,1903.7,1902.1,1902.55,3088.5778,2023-06-03 08:59:59.999,5877354.893337,10842,1404.623,2672886.161731,0,False,False
109,2023-06-03 09:00:00,1902.55,1904.15,1901.23,1903.93,4168.7981,2023-06-03 09:59:59.999,7932155.847219,9484,2427.459,4618966.495113,0,False,False
110,2023-06-03 10:00:00,1903.93,1906.07,1899.0,1903.82,7769.3757,2023-06-03 10:59:59.999,14783066.868121,13176,3238.8198,6161424.843297,0,False,False
111,2023-06-03 11:00:00,1903.83,1906.7,1902.74,1903.72,7416.9635,2023-06-03 11:59:59.999,14124789.177683,12746,3448.7289,6568357.067964,0,False,False
112,2023-06-03 12:00:00,1903.72,1906.61,1903.64,1903.97,3566.6284,2023-06-03 12:59:59.999,6793679.418459,11534,1629.3907,3103601.281245,0,False,False
113,2023-06-03 13:00:00,1903.97,1904.22,1899.25,1901.6,5488.7081,2023-06-03 13:59:59.999,10441657.837349,13092,2049.6678,3898472.190541,0,False,False
114,2023-06-03 14:00:00,1901.6,1902.66,1899.37,1900.11,4398.2533,2023-06-03 14:59:59.999,8362666.000904,11173,2033.4963,3866284.44171,0,False,False
115,2023-06-03 15:00:00,1900.11,1904.59,1891.23,1903.18,13699.7688,2023-06-03 15:59:59.999,26021479.667873,21701,6054.7392,11500516.281902,0,False,False
116,2023-06-03 16:00:00,1903.19,1903.71,1898.16,1898.6,5782.9078,2023-06-03 16:59:59.999,10996226.056783,12489,2316.9918,4405670.293192,0,False,False
117,2023-06-03 17:00:00,1898.61,1898.62,1888.02,1890.32,11702.6792,2023-06-03 17:59:59.999,22152453.333165,17604,5403.0827,10227850.968061,0,False,False
118,2023-06-03 18:00:00,1890.33,1893.99,1887.42,1891.35,5351.8893,2023-06-03 18:59:59.999,10121354.460604,12185,2538.8465,4801143.155486,0,False,False
119,2023-06-03 19:00:00,1891.36,1892.5,1882.33,1886.14,9833.6124,2023-06-03 19:59:59.999,18565519.659772,15384,5117.2726,9661677.836862,0,False,False
120,2023-06-03 20:00:00,1886.13,1890.48,1884.58,1887.85,4735.014,2023-06-03 20:59:59.999,8940130.38081,9515,2438.9865,4604933.0079,0,False,False
121,2023-06-03 21:00:00,1887.85,1889.68,1881.6,1889.16,6905.5678,2023-06-03 21:59:59.999,13031903.160957,11102,2904.0844,5480309.345634,0,False,False
122,2023-06-03 22:00:00,1889.16,1892.43,1888.97,1891.37,3110.0104,2023-06-03 22:59:59.999,5879812.218584,10410,1650.6237,3120385.189818,0,False,False
123,2023-06-03 23:00:00,1891.37,1892.42,1889.53,1892.06,2268.8531,2023-06-03 23:59:59.999,4290306.326578,6295,982.8347,1858481.781756,0,False,False
124,2023-06-04 00:00:00,1892.05,1892.82,1887.94,1887.97,4019.0772,2023-06-04 00:59:59.999,7600920.756385,10414,1413.3157,2672929.26352,0,False,True
125,2023-06-04 01:00:00,1887.97,1892.9,1884.22,1890.39,5230.0487,2023-06-04 01:59:59.999,9882164.88521,10540,2807.7703,5305410.974427,0,False,True
126,2023-06-04 02:00:00,1890.4,1895.03,1890.04,1894.57,3833.6444,2023-06-04 02:59:59.999,7254929.587823,8194,2231.6859,4223424.71133,0,False,True
127,2023-06-04 03:00:00,1894.56,1894.87,1892.61,1894.09,3443.0963,2023-06-04 03:59:59.999,6520452.212258,8008,1546.6535,2928910.426918,0,False,True
128,2023-06-04 04:00:00,1894.09,1896.14,1893.69,1894.55,3574.987,2023-06-04 04:59:59.999,6773047.915823,7943,1401.9328,2655932.725614,0,False,True
129,2023-06-04 05:00:00,1894.56,1894.56,1890.87,1891.77,2358.6224,2023-06-04 05:59:59.999,4464097.3682,6110,1045.4527,1978486.032998,0,False,True
130,2023-06-04 06:00:00,1891.76,1901.36,1891.08,1898.33,6614.0668,2023-06-04 06:59:59.999,12537028.35159,13600,4209.1158,7977107.714017,0,False,False
131,2023-06-04 07:00:00,1898.34,1900.81,1898.33,1900.21,5323.7909,2023-06-04 07:59:59.999,10113076.289889,10429,2447.9197,4650097.710552,0,False,False
132,2023-06-04 08:00:00,1900.21,1901.58,1898.61,1899.27,5405.5502,2023-06-04 08:59:59.999,10270963.533975,11367,1624.1576,3085871.041914,0,False,False
133,2023-06-04 09:00:00,1899.26,1908.61,1899.26,1905.72,9333.5007,2023-06-04 09:59:59.999,17776877.266515,15980,5410.6442,10303603.170772,0,False,False
134,2023-06-04 10:00:00,1905.72,1906.17,1903.49,1905.0,3774.4777,2023-06-04 10:59:59.999,7189535.591272,9127,1776.6446,3383973.61907,0,True,False
135,2023-06-04 11:00:00,1904.99,1905.5,1902.3,1903.08,3278.8795,2023-06-04 11:59:59.999,6242467.345908,9254,1616.9261,3078306.723663,0,True,False
136,2023-06-04 12:00:00,1903.07,1904.81,1901.41,1904.43,5389.9917,2023-06-04 12:59:59.999,10258812.928664,10195,2360.7452,4493398.815079,0,True,False
137,2023-06-04 13:00:00,1904.43,1914.63,1903.06,1907.51,14262.1316,2023-06-04 13:59:59.999,27203160.013817,18457,8762.1662,16713089.511198,0,True,False
138,2023-06-04 14:00:00,1907.52,1908.38,1900.0,1905.5,13258.2678,2023-06-04 14:59:59.999,25237060.305774,17625,5846.7518,11130544.934153,0,True,False
139,2023-06-04 15:00:00,1905.51,1906.31,1901.53,1901.76,6183.3916,2023-06-04 15:59:59.999,11773140.768452,10908,3091.5898,5886151.262815,0,True,False
140,2023-06-04 16:00:00,1901.76,1902.26,1896.17,1897.6,8300.7372,2023-06-04 16:59:59.999,15764066.979193,13670,3391.1362,6439203.775905,0,True,False
141,2023-06-04 17:00:00,1897.6,1900.1,1897.11,1899.0,4597.8599,2023-06-04 17:59:59.999,8731487.980142,9275,1592.765,3024707.645112,0,False,False
142,2023-06-04 18:00:00,1899.01,1903.93,1899.0,1903.16,5142.7088,2023-06-04 18:59:59.999,9778863.555431,9536,2960.8195,5629382.670508,0,True,False
143,2023-06-04 19:00:00,1903.16,1905.62,1902.62,1904.66,3056.2392,2023-06-04 19:59:59.999,5819310.121021,8274,1378.7447,2625134.949993,0,True,False
144,2023-06-04 20:00:00,1904.66,1905.91,1903.79,1904.39,3190.9009,2023-06-04 20:59:59.999,6078190.452635,7995,1467.0819,2794500.880311,0,True,False
145,2023-06-04 21:00:00,1904.38,1906.79,1901.21,1902.0,4651.8392,2023-06-04 21:59:59.999,8859637.572252,10291,2229.6941,4246606.724639,0,True,False
146,2023-06-04 22:00:00,1902.01,1912.89,1899.09,1901.61,24824.8307,2023-06-04 22:59:59.999,47318420.876613,24404,12984.9623,24743966.327078,0,False,False
147,2023-06-04 23:00:00,1901.61,1904.37,1885.0,1890.01,23634.3715,2023-06-04 23:59:59.999,44719186.403512,28377,12184.4445,23055612.62644,0,False,False
148,2023-06-05 00:00:00,1890.0,1890.63,1875.67,1882.12,20148.8753,2023-06-05 00:59:59.999,37973453.389337,26083,9694.3402,18269634.444871,0,False,False
149,2023-06-05 01:00:00,1882.12,1885.0,1875.45,1884.25,9549.5727,2023-06-05 01:59:59.999,17963370.636231,17250,5178.3854,9740482.928238,0,False,False
150,2023-06-05 02:00:00,1884.25,1887.0,1868.8,1875.0,13725.0613,2023-06-05 02:59:59.999,25778178.899365,20027,6390.7265,12003777.263809,0,False,True
151,2023-06-05 03:00:00,1875.0,1875.0,1866.62,1869.65,26529.8109,2023-06-05 03:59:59.999,49651609.01054,25410,13406.5471,25088418.036858,0,False,True
152,2023-06-05 04:00:00,1869.64,1873.37,1865.5,1870.2,9449.9941,2023-06-05 04:59:59.999,17675800.082842,15540,3592.5568,6719870.358048,0,False,True
153,2023-06-05 05:00:00,1870.2,1871.34,1861.76,1870.5,10900.7352,2023-06-05 05:59:59.999,20353099.309885,17258,4978.4348,9295401.688213,0,False,True
154,2023-06-05 06:00:00,1870.5,1872.0,1869.25,1869.51,6389.2405,2023-06-05 06:59:59.999,11950997.624593,15495,2651.5876,4959859.20529,0,False,True
155,2023-06-05 07:00:00,1869.51,1873.4,1868.74,1873.4,5248.9691,2023-06-05 07:59:59.999,9823725.513303,15418,2428.136,4544438.198915,0,False,True
156,2023-06-05 08:00:00,1873.4,1873.81,1869.19,1869.92,8234.5689,2023-06-05 08:59:59.999,15410187.036288,13320,4119.0944,7708060.025695,0,False,True
157,2023-06-05 09:00:00,1869.92,1873.43,1868.66,1869.62,4837.8442,2023-06-05 09:59:59.999,9051514.039662,11900,2415.9827,4520167.722564,0,False,True
158,2023-06-05 10:00:00,1869.61,1870.5,1863.77,1864.33,10155.994,2023-06-05 10:59:59.999,18962091.940171,15628,4056.6577,7575117.847559,0,False,True
159,2023-06-05 11:00:00,1864.34,1870.62,1862.94,1869.51,8376.4347,2023-06-05 11:59:59.999,15642603.091,14495,3774.0505,7046787.358491,0,False,True
160,2023-06-05 12:00:00,1869.5,1870.5,1862.21,1864.8,14106.0528,2023-06-05 12:59:59.999,26329736.717966,18984,5201.2994,9704703.689327,0,False,True
161,2023-06-05 13:00:00,1864.8,1869.77,1859.04,1867.47,14210.4416,2023-06-05 13:59:59.999,26511729.429559,23766,6907.6049,12888589.373741,0,False,True
162,2023-06-05 14:00:00,1867.47,1871.2,1863.73,1867.99,11813.1293,2023-06-05 14:59:59.999,22061325.842543,18525,4599.8776,8590224.405342,0,False,True
163,2023-06-05 15:00:00,1867.99,1868.5,1820.29,1820.6,82842.7039,2023-06-05 15:59:59.999,153065151.051399,89483,36999.306,68348785.488444,0,False,True
164,2023-06-05 16:00:00,1820.69,1823.9,1778.0,1813.24,124135.8143,2023-06-05 16:59:59.999,223593859.011776,148423,66011.423,118856478.621784,0,False,True
165,2023-06-05 17:00:00,1813.24,1818.61,1804.0,1816.59,68276.0838,2023-06-05 17:59:59.999,123631746.127206,48746,24079.1158,43603440.13856,0,False,True
166,2023-06-05 18:00:00,1816.59,1816.6,1804.06,1806.97,24834.1284,2023-06-05 18:59:59.999,44942331.914432,27140,11474.4402,20771390.136338,0,False,True
167,2023-06-05 19:00:00,1806.97,1809.29,1796.56,1806.49,26760.8547,2023-06-05 19:59:59.999,48279399.957496,30255,11194.333,20198191.568263,0,False,True
168,2023-06-05 20:00:00,1806.5,1808.5,1803.1,1804.99,10415.8041,2023-06-05 20:59:59.999,18810055.699385,18305,5646.5672,10196800.587657,0,False,True
169,2023-06-05 21:00:00,1805.0,1807.05,1793.01,1807.02,18489.1479,2023-06-05 21:59:59.999,33296901.799356,23749,8360.608,15053227.644655,0,False,True
170,2023-06-05 22:00:00,1807.01,1809.8,1804.91,1807.17,9058.6863,2023-06-05 22:59:59.999,16370452.239821,14825,3795.4756,6859300.745813,0,False,True
171,2023-06-05 23:00:00,1807.18,1815.88,1806.55,1810.5,16871.3203,2023-06-05 23:59:59.999,30560288.9981,18854,6678.0946,12095688.280974,0,False,True
172,2023-06-06 00:00:00,1810.49,1812.0,1808.86,1810.91,9848.8574,2023-06-06 00:59:59.999,17831872.961383,18529,5013.9911,9078052.827593,0,False,True
173,2023-06-06 01:00:00,1810.9,1811.35,1804.5,1805.32,10087.8117,2023-06-06 01:59:59.999,18228519.396377,14369,4125.225,7454853.140142,0,False,True
174,2023-06-06 02:00:00,1805.32,1813.76,1803.15,1813.55,11564.5699,2023-06-06 02:59:59.999,20919751.580989,15185,5227.4877,9460090.163921,0,False,True
175,2023-06-06 03:00:00,1813.55,1813.56,1810.45,1811.8,5460.4116,2023-06-06 03:59:59.999,9893785.54621,10490,3063.2246,5550155.164906,0,False,False
176,2023-06-06 04:00:00,1811.8,1818.9,1811.17,1818.26,6876.8941,2023-06-06 04:59:59.999,12480000.73755,11952,4416.5115,8014892.474483,0,False,False
177,2023-06-06 05:00:00,1818.27,1819.18,1814.65,1816.08,8401.3978,2023-06-06 05:59:59.999,15268502.225209,13111,4248.8651,7720670.359694,0,False,False
178,2023-06-06 06:00:00,1816.07,1817.0,1813.1,1813.22,6579.6802,2023-06-06 06:59:59.999,11938989.248722,15430,2977.937,5404001.626971,0,False,False
179,2023-06-06 07:00:00,1813.23,1817.28,1811.96,1813.35,6970.9864,2023-06-06 07:59:59.999,12650258.962687,12404,4014.9656,7286274.471221,0,False,False
180,2023-06-06 08:00:00,1813.35,1816.83,1813.35,1815.82,6201.3174,2023-06-06 08:59:59.999,11256236.94031,12002,2727.5855,4950668.445739,0,False,False
181,2023-06-06 09:00:00,1815.83,1820.51,1814.67,1817.0,7724.8657,2023-06-06 09:59:59.999,14033815.643452,14807,3376.7756,6134935.681441,0,False,False
182,2023-06-06 10:00:00,1817.01,1822.6,1817.0,1818.42,6928.1217,2023-06-06 10:59:59.999,12604670.121882,14810,3496.8106,6362013.882912,0,False,False
183,2023-06-06 11:00:00,1818.42,1818.98,1809.19,1813.32,12190.745,2023-06-06 11:59:59.999,22112930.886538,17992,4019.4463,7291728.260551,0,False,False
184,2023-06-06 12:00:00,1813.33,1817.82,1797.18,1805.54,39468.6457,2023-06-06 12:59:59.999,71345207.532165,44338,18470.9029,33390315.806226,0,False,False
185,2023-06-06 13:00:00,1805.54,1820.54,1797.9,1817.44,31875.9426,2023-06-06 13:59:59.999,57676623.34236,40244,15703.2395,28418408.933769,0,False,False
186,2023-06-06 14:00:00,1817.44,1841.29,1817.43,1838.49,49041.06,2023-06-06 14:59:59.999,89850878.122105,56227,25275.9361,46300531.947975,0,False,False
187,2023-06-06 15:00:00,1838.5,1846.48,1834.3,1842.22,25131.8921,2023-06-06 15:59:59.999,46237277.81066,32025,14025.9374,25803712.514432,0,False,False
188,2023-06-06 16:00:00,1842.22,1869.78,1842.21,1863.66,42393.4711,2023-06-06 16:59:59.999,78507646.117341,48018,22461.3963,41593606.244757,0,False,False
189,2023-06-06 17:00:00,1863.66,1887.74,1857.98,1875.11,53963.8315,2023-06-06 17:59:59.999,101102944.827321,60345,25505.1674,47786252.143684,0,False,False
190,2023-06-06 18:00:00,1875.1,1878.21,1872.96,1874.75,18085.0964,2023-06-06 18:59:59.999,33919217.383754,20013,8973.2606,16829706.142489,0,False,False
191,2023-06-06 19:00:00,1874.74,1898.29,1873.4,1891.82,31411.1805,2023-06-06 19:59:59.999,59227055.851082,37628,16081.5664,30319368.731693,0,False,False
192,2023-06-06 20:00:00,1891.82,1895.5,1874.15,1876.58,62663.8677,2023-06-06 20:59:59.999,118069774.984341,55269,39048.1943,73573059.514735,0,True,False
193,2023-06-06 21:00:00,1876.58,1881.0,1874.27,1879.67,10311.9524,2023-06-06 21:59:59.999,19370636.198466,15518,4983.9649,9361860.349519,0,True,False
194,2023-06-06 22:00:00,1879.67,1884.39,1878.0,1882.62,8533.6143,2023-06-06 22:59:59.999,16046223.618936,13456,4929.0642,9267794.150251,0,True,False
195,2023-06-06 23:00:00,1882.63,1888.21,1878.54,1884.64,19691.0042,2023-06-06 23:59:59.999,37087539.386126,22039,11930.5688,22470955.574828,0,True,False
196,2023-06-07 00:00:00,1884.65,1897.8,1881.57,1885.61,30045.894,2023-06-07 00:59:59.999,56733948.990219,28779,16862.0448,31842276.336673,0,True,False
197,2023-06-07 01:00:00,1885.61,1886.5,1878.05,1879.0,13285.8208,2023-06-07 01:59:59.999,24992901.996587,21618,6083.3091,11442011.52237,0,True,False
198,2023-06-07 02:00:00,1879.0,1880.92,1874.11,1876.65,10394.0578,2023-06-07 02:59:59.999,19512915.653488,20140,4810.342,9030000.276824,0,True,False
199,2023-06-07 03:00:00,1876.65,1878.6,1871.59,1877.48,12442.1588,2023-06-07 03:59:59.999,23336241.573812,21641,6002.5051,11258404.937318,0,True,False
200,2023-06-07 04:00:00,1877.47,1880.0,1876.53,1879.04,6538.3254,2023-06-07 04:59:59.999,12281141.87906,12481,3502.0743,6578294.562011,0,True,False
201,2023-06-07 05:00:00,1879.03,1881.5,1877.56,1879.98,7855.7486,2023-06-07 05:59:59.999,14766418.544681,12643,4078.3071,7666039.754017,0,True,False
202,2023-06-07 06:00:00,1879.97,1883.76,1876.38,1876.45,12156.7243,2023-06-07 06:59:59.999,22862642.366102,21130,6637.6655,12484315.930263,0,True,False
203,2023-06-07 07:00:00,1876.44,1879.51,1874.62,1875.05,8873.2655,2023-06-07 07:59:59.999,16654778.940336,19220,3834.0847,7196691.59938,0,False,False
204,2023-06-07 08:00:00,1875.05,1876.39,1872.77,1874.71,7815.3415,2023-06-07 08:59:59.999,14650321.013402,15352,3588.6848,6727161.639683,0,False,False
205,2023-06-07 09:00:00,1874.7,1874.71,1850.28,1852.0,29093.6224,2023-06-07 09:59:59.999,54209485.524723,37653,12037.4562,22426484.494981,0,False,False
206,2023-06-07 10:00:00,1852.01,1860.75,1842.57,1857.69,32275.6504,2023-06-07 10:59:59.999,59755328.530324,36877,16464.6594,30483204.258584,0,False,False
207,2023-06-07 11:00:00,1857.69,1878.09,1856.87,1870.23,17206.0831,2023-06-07 11:59:59.999,32124789.447086,29626,8765.8637,16361122.740246,0,False,False
208,2023-06-07 12:00:00,1870.23,1870.84,1860.84,1864.96,11826.9369,2023-06-07 12:59:59.999,22061576.407462,20969,6019.5205,11225909.22827,0,False,False
209,2023-06-07 13:00:00,1864.96,1868.04,1857.35,1864.6,15781.1568,2023-06-07 13:59:59.999,29395206.358098,26133,8237.3589,15342022.03325,0,False,False
210,2023-06-07 14:00:00,1864.6,1864.6,1838.83,1844.34,43228.0047,2023-06-07 14:59:59.999,79923670.017054,52988,19001.7983,35121644.341444,0,False,False
211,2023-06-07 15:00:00,1844.34,1852.31,1835.13,1839.0,30781.4183,2023-06-07 15:59:59.999,56732514.440037,40980,15719.908,28974214.308812,0,False,False
212,2023-06-07 16:00:00,1839.0,1845.27,1832.71,1840.33,19834.9663,2023-06-07 16:59:59.999,36471977.11627,28513,9214.4693,16943987.513468,0,False,False
213,2023-06-07 17:00:00,1840.32,1850.89,1835.73,1850.0,28090.4147,2023-06-07 17:59:59.999,51830021.656483,28749,10314.5898,19025523.545149,0,False,False
214,2023-06-07 18:00:00,1850.01,1852.5,1848.05,1849.48,21502.3091,2023-06-07 18:59:59.999,39786014.850471,21987,5818.3493,10765145.30173,0,False,False
215,2023-06-07 19:00:00,1849.47,1851.77,1847.36,1850.36,7639.7454,2023-06-07 19:59:59.999,14132373.790063,12908,2553.4343,4723182.519178,0,False,False
216,2023-06-07 20:00:00,1850.37,1851.0,1839.0,1841.58,12079.774,2023-06-07 20:59:59.999,22261067.15881,19955,5673.4295,10454315.819234,0,False,True
217,2023-06-07 21:00:00,1841.57,1844.28,1821.39,1822.64,22133.4808,2023-06-07 21:59:59.999,40590987.482085,28002,11704.8345,21460779.937398,0,False,True
218,2023-06-07 22:00:00,1822.64,1834.26,1821.18,1829.72,21203.6013,2023-06-07 22:59:59.999,38772248.472465,23647,11006.4269,20124963.853585,0,False,True
219,2023-06-07 23:00:00,1829.72,1833.48,1825.08,1832.13,7112.2055,2023-06-07 23:59:59.999,13018116.657595,12080,3143.6833,5753571.280578,0,False,True
220,2023-06-08 00:00:00,1832.12,1838.29,1831.0,1835.52,8427.2887,2023-06-08 00:59:59.999,15457044.544783,19354,4254.3987,7803318.01226,0,False,True
221,2023-06-08 01:00:00,1835.52,1839.92,1835.28,1838.49,6095.027,2023-06-08 01:59:59.999,11203513.339103,11578,3104.7149,5706947.309353,0,False,True
222,2023-06-08 02:00:00,1838.49,1841.45,1837.05,1837.5,5046.7495,2023-06-08 02:59:59.999,9281600.003759,10174,2337.2283,4298273.396672,0,False,True
223,2023-06-08 03:00:00,1837.5,1837.51,1828.31,1834.96,8618.7412,2023-06-08 03:59:59.999,15800050.466709,16820,3535.4109,6480218.739838,0,False,True
224,2023-06-08 04:00:00,1834.97,1839.33,1834.64,1838.58,5486.9871,2023-06-08 04:59:59.999,10082176.021688,11718,2614.9265,4804693.493092,0,False,True
225,2023-06-08 05:00:00,1838.58,1841.06,1836.43,1836.83,4845.0284,2023-06-08 05:59:59.999,8908416.45791,10635,2113.8649,3886704.693756,0,False,True
226,2023-06-08 06:00:00,1836.83,1846.05,1833.0,1840.17,11388.1345,2023-06-08 06:59:59.999,20933889.504938,20021,4936.4146,9077903.935673,0,False,False
227,2023-06-08 07:00:00,1840.17,1846.0,1839.26,1842.0,6815.8337,2023-06-08 07:59:59.999,12556985.862379,16544,3802.6647,7005177.787666,0,False,False
228,2023-06-08 08:00:00,1842.0,1842.9,1840.65,1840.95,5747.4489,2023-06-08 08:59:59.999,10583914.268739,11114,2249.3012,4141899.593871,0,False,False
229,2023-06-08 09:00:00,1840.95,1841.44,1838.28,1839.39,5346.4804,2023-06-08 09:59:59.999,9835608.437062,12390,2195.7261,4039295.055736,0,False,False
230,2023-06-08 10:00:00,1839.38,1844.85,1838.19,1844.77,5408.3256,2023-06-08 10:59:59.999,9959864.740996,12896,3022.2131,5565101.029705,0,False,False
231,2023-06-08 11:00:00,1844.76,1848.99,1842.86,1843.8,8572.3879,2023-06-08 11:59:59.999,15816182.302508,14975,3526.2367,6506415.343585,0,False,False
232,2023-06-08 12:00:00,1843.79,1856.28,1840.92,1845.82,18865.4569,2023-06-08 12:59:59.999,34856204.499308,25125,8902.8122,16446352.006584,0,False,False
233,2023-06-08 13:00:00,1845.82,1850.4,1837.86,1846.56,15413.1733,2023-06-08 13:59:59.999,28422958.087108,25710,7367.2765,13585609.416544,0,False,False
234,2023-06-08 14:00:00,1846.56,1861.28,1844.0,1857.36,19860.6184,2023-06-08 14:59:59.999,36822832.778894,27112,10870.7167,20152717.539941,0,False,False
235,2023-06-08 15:00:00,1857.35,1861.16,1853.47,1855.66,8929.966,2023-06-08 15:59:59.999,16575909.35419,18380,4299.4598,7980616.550756,0,False,False
236,2023-06-08 16:00:00,1855.67,1856.24,1841.35,1845.74,11573.682,2023-06-08 16:59:59.999,21389796.420317,17723,4481.3008,8281083.717495,0,False,False
237,2023-06-08 17:00:00,1845.75,1846.84,1841.86,1843.7,6230.4483,2023-06-08 17:59:59.999,11494419.544145,11718,2779.6682,5127622.314806,0,False,False
238,2023-06-08 18:00:00,1843.71,1849.6,1842.15,1846.23,4139.1829,2023-06-08 18:59:59.999,7637190.902175,9857,2041.8838,3766781.656319,0,False,False
239,2023-06-08 19:00:00,1846.22,1847.98,1844.69,1847.73,3983.9246,2023-06-08 19:59:59.999,7355967.048948,8295,2091.7173,3862148.407482,0,False,False
240,2023-06-08 20:00:00,1847.73,1853.37,1846.58,1852.72,5569.2081,2023-06-08 20:59:59.999,10306028.097232,10253,2640.8995,4886223.956292,0,False,False
241,2023-06-08 21:00:00,1852.71,1854.0,1849.91,1851.83,3884.4927,2023-06-08 21:59:59.999,7192201.265668,8430,1844.2353,3414125.089824,0,False,False
242,2023-06-08 22:00:00,1851.83,1852.69,1847.09,1849.47,5585.6312,2023-06-08 22:59:59.999,10338056.330129,9159,2358.7331,4365725.147432,0,True,False
243,2023-06-08 23:00:00,1849.46,1849.71,1844.92,1845.64,3436.268,2023-06-08 23:59:59.999,6349574.826292,8009,1846.3268,3412305.123825,0,True,False
244,2023-06-09 00:00:00,1845.65,1846.87,1843.0,1843.79,3931.5091,2023-06-09 00:59:59.999,7253660.65351,9515,1570.4604,2897608.810027,0,True,False
245,2023-06-09 01:00:00,1843.8,1849.02,1842.5,1842.81,6365.3702,2023-06-09 01:59:59.999,11748472.236198,10962,2414.3357,4455733.464996,0,False,False
246,2023-06-09 02:00:00,1842.8,1844.34,1827.0,1835.75,26334.7711,2023-06-09 02:59:59.999,48305401.772799,29642,11761.1697,21573902.914639,0,False,True
247,2023-06-09 03:00:00,1835.75,1838.64,1832.05,1838.23,7337.8644,2023-06-09 03:59:59.999,13466877.082325,13217,3462.3554,6354395.202175,0,False,True
248,2023-06-09 04:00:00,1838.22,1841.31,1836.44,1838.07,4433.4445,2023-06-09 04:59:59.999,8150994.880248,9921,2103.6886,3867399.696367,0,False,True
249,2023-06-09 05:00:00,1838.06,1839.73,1837.0,1839.45,4413.061,2023-06-09 05:59:59.999,8112226.815962,9212,2277.0366,4185748.438893,0,False,True
250,2023-06-09 06:00:00,1839.45,1842.0,1837.09,1837.78,5121.8576,2023-06-09 06:59:59.999,9420727.587354,10632,2010.8722,3698938.204784,0,False,True
251,2023-06-09 07:00:00,1837.79,1837.79,1831.25,1836.37,9593.2918,2023-06-09 07:59:59.999,17600326.927285,19888,4259.93,7815256.866489,0,False,True
252,2023-06-09 08:00:00,1836.37,1842.98,1834.52,1842.41,9118.7541,2023-06-09 08:59:59.999,16767369.258698,15324,4518.8901,8308967.692704,0,False,True
253,2023-06-09 09:00:00,1842.4,1847.42,1841.17,1844.27,7073.7314,2023-06-09 09:59:59.999,13042254.639502,14864,3353.2497,6182805.699355,0,False,True
254,2023-06-09 10:00:00,1844.27,1845.66,1842.5,1844.08,6199.271,2023-06-09 10:59:59.999,11431233.737004,12627,2606.883,4807101.237237,0,False,False
255,2023-06-09 11:00:00,1844.08,1845.02,1840.11,1843.79,6836.4835,2023-06-09 11:59:59.999,12599872.068239,13761,2973.5758,5480297.834189,0,False,False
256,2023-06-09 12:00:00,1843.79,1854.41,1843.79,1851.83,13230.017,2023-06-09 12:59:59.999,24451464.766017,20324,6718.8707,12418033.633785,0,False,False
257,2023-06-09 13:00:00,1851.84,1855.0,1847.4,1847.4,13396.3928,2023-06-09 13:59:59.999,24806770.258785,21025,6231.1617,11537796.287127,0,False,False
258,2023-06-09 14:00:00,1847.4,1851.83,1842.5,1844.68,10989.9761,2023-06-09 14:59:59.999,20298169.440145,19680,5459.9445,10081800.381773,0,False,False
259,2023-06-09 15:00:00,1844.68,1852.03,1839.75,1841.71,12080.0306,2023-06-09 15:59:59.999,22305632.687581,21029,5469.7367,10100808.400295,0,False,False
260,2023-06-09 16:00:00,1841.71,1843.45,1838.48,1840.51,7196.8427,2023-06-09 16:59:59.999,13248525.163384,13648,3730.342,6866814.220819,0,False,False
261,2023-06-09 17:00:00,1840.51,1842.6,1837.17,1841.47,6177.6333,2023-06-09 17:59:59.999,11369345.940433,11767,3035.9251,5586280.525322,0,False,False
262,2023-06-09 18:00:00,1841.47,1842.6,1836.27,1838.06,5648.062,2023-06-09 18:59:59.999,10389514.485606,11677,2830.3032,5205591.373524,0,False,True
263,2023-06-09 19:00:00,1838.07,1840.35,1830.37,1830.86,11345.8235,2023-06-09 19:59:59.999,20806713.523057,20367,5438.2988,9974681.01805,0,False,True
264,2023-06-09 20:00:00,1830.86,1837.11,1828.03,1837.1,7335.9075,2023-06-09 20:59:59.999,13446708.33737,16177,3435.8343,6297983.858979,0,False,True
265,2023-06-09 21:00:00,1837.1,1839.83,1834.17,1836.87,6418.9359,2023-06-09 21:59:59.999,11786046.069973,11439,3521.8708,6465534.503479,0,False,True
266,2023-06-09 22:00:00,1836.86,1838.49,1835.17,1838.48,4554.0506,2023-06-09 22:59:59.999,8363608.98525,9393,2186.3024,4015327.708979,0,False,True
267,2023-06-09 23:00:00,1838.48,1841.15,1836.31,1840.37,3191.2435,2023-06-09 23:59:59.999,5865862.426162,8532,1470.2509,2702586.342327,0,False,True
268,2023-06-10 00:00:00,1840.37,1840.45,1836.3,1837.29,5975.6968,2023-06-10 00:59:59.999,10986767.152781,17202,2055.9584,3780141.367263,0,False,True
269,2023-06-10 01:00:00,1837.28,1844.99,1828.33,1835.7,14853.5656,2023-06-10 01:59:59.999,27299940.498721,24307,6080.8086,11174680.241901,0,False,True
270,2023-06-10 02:00:00,1835.71,1839.27,1825.48,1829.5,15859.2076,2023-06-10 02:59:59.999,29049100.68514,23323,7429.1804,13608049.440814,0,False,True
271,2023-06-10 03:00:00,1829.5,1831.33,1822.13,1827.17,13951.7601,2023-06-10 03:59:59.999,25499879.13346,21149,6541.8261,11954313.830356,0,False,True
272,2023-06-10 04:00:00,1827.17,1829.84,1781.32,1788.2,85590.6259,2023-06-10 04:59:59.999,154138826.463104,110103,36679.4076,66058401.631243,0,False,True
273,2023-06-10 05:00:00,1788.19,1790.73,1744.44,1751.19,92712.2993,2023-06-10 05:59:59.999,163871193.394048,108769,38687.0386,68401518.65027,0,False,True
274,2023-06-10 06:00:00,1751.19,1760.99,1734.68,1744.11,64728.3872,2023-06-10 06:59:59.999,113258816.79801,70084,25955.2282,45411337.722398,0,False,True
275,2023-06-10 07:00:00,1744.12,1745.29,1724.43,1731.78,67200.6551,2023-06-10 07:59:59.999,116739237.765748,72478,33209.1778,57678677.749996,0,False,True
276,2023-06-10 08:00:00,1731.79,1743.16,1715.03,1740.25,59652.8463,2023-06-10 08:59:59.999,103233204.999432,63488,28278.394,48934750.760587,0,False,True
277,2023-06-10 09:00:00,1740.25,1740.8,1732.56,1738.96,16813.3114,2023-06-10 09:59:59.999,29210564.305856,28068,7813.0473,13572439.497031,0,False,True
278,2023-06-10 10:00:00,1738.95,1744.0,1735.09,1743.82,12676.2452,2023-06-10 10:59:59.999,22055509.835354,24753,6188.4426,10769188.372524,0,False,True
279,2023-06-10 11:00:00,1743.83,1749.56,1740.04,1747.95,12314.0302,2023-06-10 11:59:59.999,21477100.62499,24189,5828.6221,10166601.95336,0,False,True
280,2023-06-10 12:00:00,1747.95,1747.96,1738.44,1739.69,10450.8825,2023-06-10 12:59:59.999,18213182.216832,21527,4626.9158,8063600.143934,0,False,True
281,2023-06-10 13:00:00,1739.68,1745.69,1737.33,1743.47,9704.0781,2023-06-10 13:59:59.999,16902292.638454,21441,4637.2906,8076452.589884,0,False,True
282,2023-06-10 14:00:00,1743.48,1747.48,1740.0,1744.12,10001.9293,2023-06-10 14:59:59.999,17432424.8406,20066,4898.168,8536863.064595,0,False,True
283,2023-06-10 15:00:00,1744.13,1744.35,1732.85,1737.39,11707.5457,2023-06-10 15:59:59.999,20373998.143622,19168,4852.9611,8444583.613716,0,False,True
284,2023-06-10 16:00:00,1737.39,1740.49,1731.99,1733.02,15395.4274,2023-06-10 16:59:59.999,26718025.234867,21555,8084.6862,14028247.277049,0,False,True
285,2023-06-10 17:00:00,1733.01,1773.03,1718.5,1760.17,67289.6754,2023-06-10 17:59:59.999,117747880.737792,73300,33518.1634,58660882.269851,0,False,False
286,2023-06-10 18:00:00,1760.16,1762.14,1725.0,1733.48,28021.1753,2023-06-10 18:59:59.999,48797480.076376,42628,13873.8639,24155493.07297,0,False,False
287,2023-06-10 19:00:00,1733.48,1745.17,1732.51,1744.48,8530.6878,2023-06-10 19:59:59.999,14834081.543769,17102,4763.7794,8284391.89914,0,False,False
288,2023-06-10 20:00:00,1744.48,1747.74,1738.59,1742.79,10601.2109,2023-06-10 20:59:59.999,18473920.391687,16306,5668.8324,9877720.669136,0,False,False
289,2023-06-10 21:00:00,1742.78,1745.85,1739.15,1744.62,4976.3592,2023-06-10 21:59:59.999,8672243.337576,11247,2897.1944,5048811.115621,0,False,False
290,2023-06-10 22:00:00,1744.63,1757.58,1743.6,1753.89,8657.4683,2023-06-10 22:59:59.999,15161531.74855,14869,4232.1574,7409863.664124,0,False,False
291,2023-06-10 23:00:00,1753.88,1754.99,1751.0,1751.53,4659.5989,2023-06-10 23:59:59.999,8164953.958827,10288,2161.509,3787479.540842,0,False,False
292,2023-06-11 00:00:00,1751.52,1752.35,1745.0,1745.72,8914.1164,2023-06-11 00:59:59.999,15591901.94898,16302,3773.4964,6600169.446792,0,False,False
293,2023-06-11 01:00:00,1745.72,1751.98,1743.64,1749.49,7281.7474,2023-06-11 01:59:59.999,12727819.229827,13292,3725.0507,6511673.497634,0,False,False
294,2023-06-11 02:00:00,1749.49,1750.15,1745.0,1749.56,7441.8795,2023-06-11 02:59:59.999,13007143.644974,11295,2494.5472,4359730.758116,0,False,False
295,2023-06-11 03:00:00,1749.55,1752.46,1747.74,1751.55,7359.3172,2023-06-11 03:59:59.999,12880568.301019,10758,3847.2315,6733691.93631,0,False,False
296,2023-06-11 04:00:00,1751.55,1757.19,1743.88,1754.01,8602.8133,2023-06-11 04:59:59.999,15051784.258349,16413,3920.1273,6858967.666666,0,False,False
297,2023-06-11 05:00:00,1754.01,1759.76,1753.5,1756.66,6466.5491,2023-06-11 05:59:59.999,11355262.991333,13105,3826.0006,6718280.726857,0,False,False
298,2023-06-11 06:00:00,1756.65,1759.43,1756.0,1756.53,5562.9579,2023-06-11 06:59:59.999,9777263.839064,17249,3294.7428,5790850.360648,0,False,False
299,2023-06-11 07:00:00,1756.53,1756.72,1752.8,1752.92,5509.516,2023-06-11 07:59:59.999,9668522.416594,15763,3143.449,5516200.606149,0,False,False
300,2023-06-11 08:00:00,1752.92,1755.54,1747.36,1748.9,7955.1953,2023-06-11 08:59:59.999,13926567.659575,17115,2799.2399,4901050.703837,0,False,False
301,2023-06-11 09:00:00,1748.9,1750.72,1745.15,1745.68,6720.0873,2023-06-11 09:59:59.999,11746358.93506,19435,2335.2125,4082027.591539,0,False,False
302,2023-06-11 10:00:00,1745.68,1754.63,1745.17,1751.21,5968.3098,2023-06-11 10:59:59.999,10443049.309919,13881,2792.4259,4886215.765283,0,False,False
303,2023-06-11 11:00:00,1751.22,1754.99,1750.11,1752.13,4459.2655,2023-06-11 11:59:59.999,7814065.215755,12190,2199.9868,3854807.135206,0,False,False
304,2023-06-11 12:00:00,1752.14,1752.39,1746.53,1746.65,5900.5276,2023-06-11 12:59:59.999,10322073.705062,12724,2465.9288,4314350.002755,0,False,False
305,2023-06-11 13:00:00,1746.64,1749.49,1738.72,1741.24,11409.1745,2023-06-11 13:59:59.999,19904184.92235,19707,5372.1247,9370448.204168,0,False,False
306,2023-06-11 14:00:00,1741.23,1750.54,1740.44,1743.54,9320.0985,2023-06-11 14:59:59.999,16261085.917318,14594,4470.8363,7799168.921458,0,False,False
307,2023-06-11 15:00:00,1743.54,1746.31,1740.35,1740.8,7245.2281,2023-06-11 15:59:59.999,12629771.960324,13370,3069.2562,5351010.930981,0,False,False
308,2023-06-11 16:00:00,1740.8,1757.0,1739.76,1752.19,17249.7436,2023-06-11 16:59:59.999,30185774.241907,21635,8936.8841,15635975.504435,0,False,False
309,2023-06-11 17:00:00,1752.18,1765.0,1751.57,1756.07,14432.0585,2023-06-11 17:59:59.999,25354228.652721,19478,6707.7405,11783992.613176,0,False,False
310,2023-06-11 18:00:00,1756.08,1761.87,1754.5,1757.14,7333.685,2023-06-11 18:59:59.999,12896059.753821,12580,3540.5068,6224674.351414,0,False,False
311,2023-06-11 19:00:00,1757.14,1768.26,1755.29,1762.27,10691.1642,2023-06-11 19:59:59.999,18853306.746654,15951,4829.7658,8516874.194639,0,False,False
312,2023-06-11 20:00:00,1762.27,1778.25,1762.27,1769.85,16953.9631,2023-06-11 20:59:59.999,30019405.625595,23695,8300.5775,14694794.309092,0,False,False
313,2023-06-11 21:00:00,1769.85,1771.0,1761.98,1763.59,6262.6624,2023-06-11 21:59:59.999,11066477.334326,12697,2574.7597,4550168.375899,0,False,False
314,2023-06-11 22:00:00,1763.58,1764.43,1741.64,1753.86,21265.309,2023-06-11 22:59:59.999,37268332.023482,23580,11260.9497,19737812.621906,0,False,False
315,2023-06-11 23:00:00,1753.87,1755.89,1746.76,1752.76,9650.8742,2023-06-11 23:59:59.999,16905537.316229,12112,5289.2632,9265255.068495,0,False,False
316,2023-06-12 00:00:00,1752.77,1755.35,1744.02,1751.87,13599.1049,2023-06-12 00:59:59.999,23788902.692528,20914,8150.4645,14257093.501359,0,False,False
317,2023-06-12 01:00:00,1751.88,1753.49,1743.33,1745.89,11132.9114,2023-06-12 01:59:59.999,19458022.87484,15287,5654.5949,9883627.652536,0,False,False
318,2023-06-12 02:00:00,1745.89,1748.5,1720.11,1731.43,37121.1487,2023-06-12 02:59:59.999,64243189.134988,43341,18981.6477,32843924.485995,0,False,True
319,2023-06-12 03:00:00,1731.43,1738.94,1730.03,1735.76,8986.9052,2023-06-12 03:59:59.999,15586101.332552,14559,4836.0622,8387082.856542,0,False,True
320,2023-06-12 04:00:00,1735.76,1741.45,1735.0,1740.56,8036.4322,2023-06-12 04:59:59.999,13969651.034059,14680,3969.4239,6899701.27425,0,False,True
321,2023-06-12 05:00:00,1740.55,1740.56,1736.02,1736.39,6078.2953,2023-06-12 05:59:59.999,10568107.275166,12912,2532.7363,4403333.89559,0,False,True
322,2023-06-12 06:00:00,1736.4,1748.0,1736.1,1740.6,11256.6486,2023-06-12 06:59:59.999,19609895.052501,20670,6431.7528,11203836.315446,0,False,True
323,2023-06-12 07:00:00,1740.6,1742.0,1732.77,1736.7,8176.8196,2023-06-12 07:59:59.999,14217505.890793,16551,4053.3394,7047647.540136,0,False,True
324,2023-06-12 08:00:00,1736.7,1747.61,1734.28,1745.35,14132.163,2023-06-12 08:59:59.999,24621395.853398,21918,6541.4972,11397725.643288,0,False,True
325,2023-06-12 09:00:00,1745.35,1759.33,1744.65,1748.45,19063.4933,2023-06-12 09:59:59.999,33403023.312323,29350,9738.2639,17062364.079926,0,False,False
326,2023-06-12 10:00:00,1748.44,1755.0,1747.5,1748.14,14365.5178,2023-06-12 10:59:59.999,25159813.296676,20986,7381.808,12928827.197383,0,False,False
327,2023-06-12 11:00:00,1748.15,1748.55,1742.29,1745.6,7409.5511,2023-06-12 11:59:59.999,12935475.592502,15027,3333.073,5818198.459023,0,False,False
328,2023-06-12 12:00:00,1745.61,1747.25,1741.86,1747.09,8423.2101,2023-06-12 12:59:59.999,14690899.828609,14985,5242.0374,9142474.311583,0,False,False
329,2023-06-12 13:00:00,1747.09,1747.1,1736.3,1739.47,12932.2931,2023-06-12 13:59:59.999,22515797.646009,23316,6899.3308,12013203.575989,0,False,False
330,2023-06-12 14:00:00,1739.47,1744.21,1728.88,1738.14,16238.9628,2023-06-12 14:59:59.999,28214011.605554,22240,7042.6982,12243220.278587,0,False,False
331,2023-06-12 15:00:00,1738.16,1738.16,1730.12,1731.87,15251.44,2023-06-12 15:59:59.999,26432933.315789,21355,7857.3123,13616981.587245,0,False,True
332,2023-06-12 16:00:00,1731.86,1739.35,1726.7,1736.13,14838.4699,2023-06-12 16:59:59.999,25733470.673942,19872,6928.204,12012120.266317,0,False,True
333,2023-06-12 17:00:00,1736.13,1747.16,1720.0,1736.37,32285.1135,2023-06-12 17:59:59.999,55969179.761407,36177,15998.9713,27734750.210362,0,False,True
334,2023-06-12 18:00:00,1736.37,1738.26,1730.42,1736.89,9294.6516,2023-06-12 18:59:59.999,16123017.389646,16353,4816.112,8354391.080204,0,False,True
335,2023-06-12 19:00:00,1736.89,1737.16,1727.66,1733.14,8983.8692,2023-06-12 19:59:59.999,15556008.704037,15381,5486.116,9497762.135157,0,False,True
336,2023-06-12 20:00:00,1733.15,1739.35,1730.22,1739.08,7302.6918,2023-06-12 20:59:59.999,12666723.540083,15596,3970.2114,6885814.899911,0,False,True
337,2023-06-12 21:00:00,1739.08,1744.22,1738.06,1743.39,6910.3942,2023-06-12 21:59:59.999,12028575.550389,13145,3448.3948,6002129.228086,0,False,False
338,2023-06-12 22:00:00,1743.38,1746.46,1740.7,1743.0,6491.2816,2023-06-12 22:59:59.999,11317866.889318,12911,3268.9396,5699554.979444,0,False,False
339,2023-06-12 23:00:00,1743.01,1744.35,1740.52,1742.57,3821.113,2023-06-12 23:59:59.999,6657946.3725,9866,2016.055,3512462.723241,0,False,False
340,2023-06-13 00:00:00,1742.57,1750.4,1728.72,1732.85,15281.6886,2023-06-13 00:59:59.999,26576212.670689,26726,8446.8113,14688038.153888,0,False,False
341,2023-06-13 01:00:00,1732.84,1748.0,1728.43,1740.72,11137.9966,2023-06-13 01:59:59.999,19364500.528972,20243,5939.3946,10321608.701766,0,False,False
342,2023-06-13 02:00:00,1740.71,1756.0,1737.67,1753.5,15541.1736,2023-06-13 02:59:59.999,27178149.933636,24667,8823.5761,15425891.850963,0,False,False
343,2023-06-13 03:00:00,1753.49,1754.43,1745.54,1747.37,7949.2178,2023-06-13 03:59:59.999,13912745.016864,15395,4177.766,7310363.27427,0,False,False
344,2023-06-13 04:00:00,1747.38,1748.54,1741.13,1747.81,5234.2987,2023-06-13 04:59:59.999,9137641.863737,13220,2616.7121,4568306.99271,0,False,False
345,2023-06-13 05:00:00,1747.8,1752.71,1747.1,1749.37,5432.3509,2023-06-13 05:59:59.999,9503941.050929,14025,2978.3026,5210209.826882,0,False,False
346,2023-06-13 06:00:00,1749.36,1753.26,1747.33,1748.85,5853.9214,2023-06-13 06:59:59.999,10249014.206514,12897,2995.7194,5245453.637795,0,False,False
347,2023-06-13 07:00:00,1748.85,1752.49,1748.15,1748.27,4710.156,2023-06-13 07:59:59.999,8243436.580499,18369,2561.225,4482494.947678,0,False,False
348,2023-06-13 08:00:00,1748.28,1759.65,1746.94,1753.39,12465.2171,2023-06-13 08:59:59.999,21861780.915459,22166,7923.3183,13898331.624626,0,False,False
349,2023-06-13 09:00:00,1753.38,1755.61,1747.1,1749.63,8278.1476,2023-06-13 09:59:59.999,14489476.696406,17102,4258.0558,7453295.977496,0,True,False
350,2023-06-13 10:00:00,1749.63,1751.74,1747.42,1750.98,6257.156,2023-06-13 10:59:59.999,10948986.534239,14035,3713.6179,6498263.595127,0,True,False
351,2023-06-13 11:00:00,1750.99,1755.29,1746.32,1753.81,13037.8316,2023-06-13 11:59:59.999,22823863.943033,26334,7076.7635,12387021.820125,0,True,False
352,2023-06-13 12:00:00,1753.8,1770.13,1728.88,1741.89,63266.4444,2023-06-13 12:59:59.999,110787537.670674,71246,31216.3165,54663641.776443,0,True,False
353,2023-06-13 13:00:00,1741.89,1746.26,1736.5,1738.69,18538.0094,2023-06-13 13:59:59.999,32278170.125345,30869,9287.4782,16176129.267125,0,False,False
354,2023-06-13 14:00:00,1738.7,1741.0,1731.27,1740.02,16074.1604,2023-06-13 14:59:59.999,27916172.605345,26395,7565.053,13139424.996479,0,False,False
355,2023-06-13 15:00:00,1740.02,1740.03,1724.22,1730.18,22124.8974,2023-06-13 15:59:59.999,38314931.685756,34554,10668.6164,18474079.828034,0,False,False
356,2023-06-13 16:00:00,1730.17,1739.33,1729.21,1738.35,9772.594,2023-06-13 16:59:59.999,16952011.252667,18342,5353.0001,9284371.692717,0,False,False
357,2023-06-13 17:00:00,1738.35,1740.22,1734.19,1736.88,5845.9172,2023-06-13 17:59:59.999,10155202.791168,11848,2583.7113,4488048.153368,0,False,True
358,2023-06-13 18:00:00,1736.88,1750.85,1735.0,1740.86,12889.5895,2023-06-13 18:59:59.999,22475675.335264,21571,6332.1728,11040574.694353,0,False,True
359,2023-06-13 19:00:00,1740.87,1744.41,1739.15,1740.31,4313.1765,2023-06-13 19:59:59.999,7511508.466647,11048,1646.4686,2867043.127607,0,False,True
360,2023-06-13 20:00:00,1740.31,1744.41,1736.58,1738.43,7552.6244,2023-06-13 20:59:59.999,13142706.913638,17607,3826.3976,6657059.069125,0,False,True
361,2023-06-13 21:00:00,1738.42,1740.62,1736.19,1739.22,4444.3807,2023-06-13 21:59:59.999,7725500.833374,11003,2664.0146,4630843.516089,0,False,True
362,2023-06-13 22:00:00,1739.21,1740.91,1733.36,1734.88,4403.4382,2023-06-13 22:59:59.999,7646766.02753,9515,2147.7183,3728998.003858,0,False,True
363,2023-06-13 23:00:00,1734.89,1740.4,1734.88,1740.12,3863.6138,2023-06-13 23:59:59.999,6711968.020108,9703,2258.1635,3922985.405476,0,False,True
364,2023-06-14 00:00:00,1740.12,1745.84,1738.26,1744.52,7910.4176,2023-06-14 00:59:59.999,13777625.653474,16813,4708.563,8201545.800568,0,False,False
365,2023-06-14 01:00:00,1744.52,1747.25,1741.69,1747.22,5013.8683,2023-06-14 01:59:59.999,8743808.457679,11665,2443.522,4261105.218562,0,False,False
366,2023-06-14 02:00:00,1747.21,1748.45,1744.43,1746.77,3719.2802,2023-06-14 02:59:59.999,6493040.272272,9467,1867.9684,3260960.014985,0,False,False
367,2023-06-14 03:00:00,1746.77,1747.53,1744.12,1746.12,4444.5812,2023-06-14 03:59:59.999,7756558.017454,9267,1856.7067,3240094.73964,0,False,False
368,2023-06-14 04:00:00,1746.11,1747.05,1741.63,1742.38,5336.3,2023-06-14 04:59:59.999,9309675.026849,10423,2025.718,3533634.177797,0,False,False
369,2023-06-14 05:00:00,1742.38,1742.71,1737.0,1738.57,7573.3813,2023-06-14 05:59:59.999,13169912.149816,11870,3616.518,6287781.766611,0,False,False
370,2023-06-14 06:00:00,1738.57,1741.34,1737.87,1741.0,4022.0717,2023-06-14 06:59:59.999,6997616.235815,9425,1535.5326,2671215.894714,0,False,False
371,2023-06-14 07:00:00,1741.01,1742.55,1738.75,1741.29,5841.7585,2023-06-14 07:59:59.999,10167985.963215,11317,1883.9911,3279684.910529,0,False,False
372,2023-06-14 08:00:00,1741.28,1746.33,1740.9,1744.17,5055.3155,2023-06-14 08:59:59.999,8813861.049187,12058,2701.154,4709671.242257,0,False,False
373,2023-06-14 09:00:00,1744.18,1747.42,1743.27,1745.11,5592.9712,2023-06-14 09:59:59.999,9760520.58046,12528,2555.5959,4460179.498367,0,False,False
374,2023-06-14 10:00:00,1745.11,1747.49,1743.73,1747.05,6785.6975,2023-06-14 10:59:59.999,11847257.849529,13138,3119.8043,5447232.777714,0,False,False
375,2023-06-14 11:00:00,1747.05,1750.03,1744.88,1745.96,6687.4737,2023-06-14 11:59:59.999,11684221.046176,13640,2841.3701,4964659.641937,0,False,False
376,2023-06-14 12:00:00,1745.96,1749.3,1743.42,1745.84,8670.9068,2023-06-14 12:59:59.999,15141463.252438,18242,4387.8951,7663135.746961,0,True,False
377,2023-06-14 13:00:00,1745.84,1746.05,1737.38,1741.0,10084.3543,2023-06-14 13:59:59.999,17564269.407227,19710,3838.9343,6685979.754455,0,True,False
378,2023-06-14 14:00:00,1741.01,1743.51,1738.85,1741.72,5943.2802,2023-06-14 14:59:59.999,10351998.945863,13166,2798.9893,4875692.201777,0,True,False
379,2023-06-14 15:00:00,1741.72,1744.22,1737.41,1741.05,5274.7404,2023-06-14 15:59:59.999,9181302.893119,12127,2345.9819,4084311.208286,0,False,False
380,2023-06-14 16:00:00,1741.04,1742.98,1738.15,1738.48,6399.4269,2023-06-14 16:59:59.999,11138465.514492,12712,2610.1396,4543435.953529,0,False,False
381,2023-06-14 17:00:00,1738.49,1745.0,1731.43,1743.46,14902.0972,2023-06-14 17:59:59.999,25887964.549949,23135,7422.1297,12894517.596588,0,False,False
382,2023-06-14 18:00:00,1743.45,1747.31,1720.01,1733.74,43336.329,2023-06-14 18:59:59.999,75150676.98666,54241,21951.2216,38067970.11415,0,False,True
383,2023-06-14 19:00:00,1733.75,1739.5,1726.89,1728.33,14344.8495,2023-06-14 19:59:59.999,24841505.3757,22949,6813.4203,11798774.585796,0,False,True
384,2023-06-14 20:00:00,1728.34,1728.98,1630.43,1638.43,172022.2926,2023-06-14 20:59:59.999,287517094.552182,174053,79386.5941,132603230.627443,0,False,True
385,2023-06-14 21:00:00,1638.44,1656.0,1631.28,1654.53,35891.0486,2023-06-14 21:59:59.999,59133170.563526,42703,20264.0352,33383814.301573,0,False,True
386,2023-06-14 22:00:00,1654.53,1655.69,1647.01,1649.99,16464.4882,2023-06-14 22:59:59.999,27188094.895412,20232,7556.8812,12479078.681682,0,False,True
387,2023-06-14 23:00:00,1649.98,1653.58,1645.81,1650.95,14530.3966,2023-06-14 23:59:59.999,23968300.995487,18115,7502.3396,12374856.286456,0,False,True
388,2023-06-15 00:00:00,1650.95,1655.9,1649.12,1655.69,11074.3291,2023-06-15 00:59:59.999,18298771.146154,18796,7039.711,11632298.682554,0,False,True
389,2023-06-15 01:00:00,1655.69,1656.59,1643.73,1649.26,14355.2006,2023-06-15 01:59:59.999,23691138.446839,18561,7351.3678,12134971.252438,0,False,True
390,2023-06-15 02:00:00,1649.26,1653.67,1649.08,1650.35,9769.4534,2023-06-15 02:59:59.999,16135092.033825,14013,5190.42,8571675.711293,0,False,True
391,2023-06-15 03:00:00,1650.35,1654.0,1648.74,1652.0,7634.9191,2023-06-15 03:59:59.999,12605492.97432,11075,5425.255,8957419.993417,0,False,True
392,2023-06-15 04:00:00,1652.0,1653.51,1645.62,1650.55,10467.4655,2023-06-15 04:59:59.999,17275348.298717,13719,4778.8638,7887185.111014,0,False,True
393,2023-06-15 05:00:00,1650.55,1651.53,1642.67,1647.5,20368.0755,2023-06-15 05:59:59.999,33555708.671491,19861,10186.7994,16783600.926262,0,False,True
394,2023-06-15 06:00:00,1647.5,1648.76,1634.56,1637.07,21041.6789,2023-06-15 06:59:59.999,34563018.016809,24664,9639.0797,15831349.352425,0,False,True
395,2023-06-15 07:00:00,1637.06,1643.55,1632.04,1639.95,16826.4839,2023-06-15 07:59:59.999,27570794.524846,22004,8828.5846,14465636.97727,0,False,True
396,2023-06-15 08:00:00,1639.96,1644.53,1639.07,1640.04,13296.7851,2023-06-15 08:59:59.999,21838056.420343,16353,6349.783,10427379.638901,0,False,True
397,2023-06-15 09:00:00,1640.03,1640.93,1626.01,1636.96,30911.5941,2023-06-15 09:59:59.999,50567002.943087,23805,14144.9547,23136155.204051,0,False,True
398,2023-06-15 10:00:00,1636.97,1641.8,1633.6,1636.16,14628.4361,2023-06-15 10:59:59.999,23958303.522224,15857,6435.641,10540305.019007,0,False,True
399,2023-06-15 11:00:00,1636.17,1645.16,1631.32,1643.05,17744.6906,2023-06-15 11:59:59.999,29073788.395731,20153,9481.2756,15534705.234927,0,False,False
400,2023-06-15 12:00:00,1643.05,1644.25,1635.91,1641.0,10502.1244,2023-06-15 12:59:59.999,17220409.63909,15413,4866.5493,7978971.446236,0,False,False
401,2023-06-15 13:00:00,1641.01,1652.14,1638.55,1647.98,21134.6916,2023-06-15 13:59:59.999,34783014.353999,22283,12399.205,20408047.952503,0,False,False
402,2023-06-15 14:00:00,1647.98,1648.92,1642.7,1644.14,9951.3758,2023-06-15 14:59:59.999,16385818.022904,13784,5216.5717,8589738.444393,0,False,False
403,2023-06-15 15:00:00,1644.15,1646.61,1641.35,1642.42,13213.8541,2023-06-15 15:59:59.999,21723832.907153,16473,6432.1343,10573900.61462,0,False,False
404,2023-06-15 16:00:00,1642.42,1643.66,1638.88,1641.43,11127.7059,2023-06-15 16:59:59.999,18265469.974926,14407,5929.3584,9732190.450463,0,False,False
405,2023-06-15 17:00:00,1641.43,1651.58,1633.79,1650.19,15897.6049,2023-06-15 17:59:59.999,26084831.960947,19287,8290.9286,13606258.784244,0,False,False
406,2023-06-15 18:00:00,1650.19,1669.32,1647.34,1669.21,24078.9999,2023-06-15 18:59:59.999,39899452.48266,28922,14121.3267,23394329.054535,0,False,False
407,2023-06-15 19:00:00,1669.2,1672.37,1663.12,1668.97,18798.1657,2023-06-15 19:59:59.999,31350930.593284,25177,11022.8075,18382400.697599,0,False,False
408,2023-06-15 20:00:00,1668.97,1671.41,1654.32,1670.55,20023.1593,2023-06-15 20:59:59.999,33305919.79367,26332,11906.0779,19803931.894795,0,False,False
409,2023-06-15 21:00:00,1670.55,1680.91,1666.39,1666.8,20268.3913,2023-06-15 21:59:59.999,33931473.513891,32341,9780.7497,16374954.040252,0,False,False
410,2023-06-15 22:00:00,1666.81,1668.78,1664.28,1665.5,8620.9373,2023-06-15 22:59:59.999,14367965.434396,13463,3923.2811,6538471.038187,0,False,False
411,2023-06-15 23:00:00,1665.51,1667.76,1662.52,1666.96,9038.6475,2023-06-15 23:59:59.999,15048180.47087,11825,3684.7898,6134065.565562,0,False,False
412,2023-06-16 00:00:00,1666.96,1666.96,1660.69,1662.25,8064.1858,2023-06-16 00:59:59.999,13415470.232094,12134,3753.6731,6244727.290892,0,False,False
413,2023-06-16 01:00:00,1662.26,1666.58,1660.0,1663.17,5233.9676,2023-06-16 01:59:59.999,8705525.022483,9238,3226.9946,5367122.539563,0,False,False
414,2023-06-16 02:00:00,1663.16,1666.0,1661.82,1665.87,6261.5776,2023-06-16 02:59:59.999,10415632.152215,8087,2506.797,4170392.621579,0,False,False
415,2023-06-16 03:00:00,1665.88,1669.54,1665.05,1667.11,5430.6312,2023-06-16 03:59:59.999,9050546.410173,8611,2919.0287,4864800.10227,0,False,False
416,2023-06-16 04:00:00,1667.1,1674.19,1666.76,1668.02,9498.8821,2023-06-16 04:59:59.999,15857228.865636,12039,6021.4026,10052152.647423,0,False,False
417,2023-06-16 05:00:00,1668.01,1673.77,1667.97,1672.91,8212.4604,2023-06-16 05:59:59.999,13716669.664933,9730,5038.5939,8414988.74975,0,False,False
418,2023-06-16 06:00:00,1672.91,1675.0,1671.57,1671.57,6317.635,2023-06-16 06:59:59.999,10569681.411603,10274,4554.4984,7619662.666231,0,False,False
419,2023-06-16 07:00:00,1671.57,1673.39,1670.22,1671.08,10813.0846,2023-06-16 07:59:59.999,18075863.344433,15263,6545.652,10942531.546951,0,False,False
420,2023-06-16 08:00:00,1671.08,1677.13,1670.33,1670.54,8595.9917,2023-06-16 08:59:59.999,14388740.353687,12535,4900.3705,8203999.456258,0,False,False
421,2023-06-16 09:00:00,1670.54,1673.0,1670.06,1670.5,5840.2289,2023-06-16 09:59:59.999,9761150.497213,10653,3226.3734,5392628.024604,0,False,False
422,2023-06-16 10:00:00,1670.5,1671.72,1668.23,1670.98,5856.0835,2023-06-16 10:59:59.999,9781973.816024,11380,2641.8008,4412847.889303,0,False,False
423,2023-06-16 11:00:00,1670.99,1671.88,1662.97,1664.42,14172.5037,2023-06-16 11:59:59.999,23621801.411251,20271,5688.0442,9477085.216559,0,False,False
424,2023-06-16 12:00:00,1664.43,1669.5,1663.98,1667.37,8721.544,2023-06-16 12:59:59.999,14535587.907975,14236,4960.7617,8267409.230957,0,False,False
425,2023-06-16 13:00:00,1667.37,1673.7,1662.63,1663.29,10767.6716,2023-06-16 13:59:59.999,17958106.957509,17119,5487.3772,9155505.594362,0,False,False
426,2023-06-16 14:00:00,1663.3,1677.34,1649.86,1671.37,30727.7368,2023-06-16 14:59:59.999,51069454.433132,33893,14510.2434,24120676.618488,0,False,False
427,2023-06-16 15:00:00,1671.36,1688.0,1664.64,1682.31,32585.073,2023-06-16 15:59:59.999,54537342.312778,36166,16811.0843,28137737.766029,0,True,False
428,2023-06-16 16:00:00,1682.32,1689.55,1677.56,1686.34,20926.4484,2023-06-16 16:59:59.999,35206482.302097,24572,10808.7279,18185666.063573,0,True,False
429,2023-06-16 17:00:00,1686.33,1703.24,1684.87,1698.47,31157.526,2023-06-16 17:59:59.999,52799091.759293,34846,16549.3144,28044169.38751,0,True,False
430,2023-06-16 18:00:00,1698.46,1729.5,1694.81,1717.51,45752.2213,2023-06-16 18:59:59.999,78611958.186234,48620,21606.7687,37113353.546344,0,True,False
431,2023-06-16 19:00:00,1717.5,1722.34,1713.23,1722.19,10658.189,2023-06-16 19:59:59.999,18310758.725011,14929,4778.8395,8210499.389308,0,True,False
432,2023-06-16 20:00:00,1722.18,1729.0,1718.87,1727.66,11559.8687,2023-06-16 20:59:59.999,19927889.707612,16322,5653.1382,9746751.452515,0,True,False
433,2023-06-16 21:00:00,1727.67,1728.34,1715.93,1717.13,7345.8482,2023-06-16 21:59:59.999,12640883.586483,11624,2855.1392,4913280.997504,0,True,False
434,2023-06-16 22:00:00,1717.12,1720.43,1717.12,1720.22,4236.6239,2023-06-16 22:59:59.999,7282985.750999,8357,2192.3013,3768612.563978,0,True,False
435,2023-06-16 23:00:00,1720.21,1720.44,1716.0,1717.92,2998.6074,2023-06-16 23:59:59.999,5152440.151333,7277,1363.149,2341919.829695,0,True,False
436,2023-06-17 00:00:00,1717.91,1719.64,1715.46,1716.64,5464.6581,2023-06-17 00:59:59.999,9385576.965901,15164,2427.4933,4169558.377726,0,True,False
437,2023-06-17 01:00:00,1716.64,1718.81,1714.26,1715.55,5102.3484,2023-06-17 01:59:59.999,8760024.246866,10539,2612.6801,4485526.816702,0,True,False
438,2023-06-17 02:00:00,1715.55,1721.71,1714.73,1720.95,4189.2145,2023-06-17 02:59:59.999,7199855.942262,9002,2403.1097,4129819.842915,0,True,False
439,2023-06-17 03:00:00,1720.95,1721.88,1718.11,1718.74,4554.1619,2023-06-17 03:59:59.999,7832206.676773,8029,1897.6401,3263338.11944,0,True,False
440,2023-06-17 04:00:00,1718.75,1727.27,1717.53,1727.01,5750.1485,2023-06-17 04:59:59.999,9906437.793399,10587,3734.6502,6435378.799458,0,True,False
441,2023-06-17 05:00:00,1727.02,1770.0,1725.04,1759.33,50246.7002,2023-06-17 05:59:59.999,88034356.785477,68528,27653.2666,48430001.588835,0,True,False
442,2023-06-17 06:00:00,1759.33,1762.35,1745.84,1747.72,27728.6652,2023-06-17 06:59:59.999,48693740.504375,32192,15006.5845,26356782.53697,0,True,False
443,2023-06-17 07:00:00,1747.72,1749.94,1742.01,1744.63,10226.8225,2023-06-17 07:59:59.999,17855545.01421,18946,4319.7282,7543998.400712,0,True,False
444,2023-06-17 08:00:00,1744.62,1747.45,1741.69,1744.3,5091.9114,2023-06-17 08:59:59.999,8883463.396269,11601,2470.9638,4310707.848811,0,True,False
445,2023-06-17 09:00:00,1744.29,1746.39,1743.08,1743.18,4261.0543,2023-06-17 09:59:59.999,7435742.618901,9370,1811.8734,3161815.452838,0,True,False
446,2023-06-17 10:00:00,1743.17,1746.03,1742.86,1744.07,3026.6319,2023-06-17 10:59:59.999,5279715.251116,8003,1585.5394,2765729.118523,0,True,False
447,2023-06-17 11:00:00,1744.08,1745.2,1734.1,1738.41,11820.9005,2023-06-17 11:59:59.999,20570579.509437,18625,5202.3466,9050264.966228,0,True,False
448,2023-06-17 12:00:00,1738.4,1741.09,1730.13,1739.64,9977.3495,2023-06-17 12:59:59.999,17329092.285402,15847,4889.6583,8492737.989167,0,False,False
449,2023-06-17 13:00:00,1739.64,1742.22,1738.79,1739.81,3561.8251,2023-06-17 13:59:59.999,6200953.310326,11092,1944.1575,3384524.014913,0,False,False
450,2023-06-17 14:00:00,1739.81,1739.87,1733.02,1735.0,5487.4081,2023-06-17 14:59:59.999,9524951.600223,11860,2500.0861,4339601.836949,0,False,False
451,2023-06-17 15:00:00,1734.99,1736.3,1717.92,1727.88,18176.1584,2023-06-17 15:59:59.999,31423192.604001,27687,8807.8284,15225996.114301,0,False,False
452,2023-06-17 16:00:00,1727.88,1732.47,1724.62,1730.08,4347.8567,2023-06-17 16:59:59.999,7520230.522538,10528,2087.8879,3611079.937859,0,False,False
453,2023-06-17 17:00:00,1730.07,1731.0,1721.65,1723.93,9611.0236,2023-06-17 17:59:59.999,16586407.884319,12352,4549.8061,7851258.166475,0,False,False
454,2023-06-17 18:00:00,1723.94,1731.74,1722.79,1730.58,5660.586,2023-06-17 18:59:59.999,9781542.824593,10122,2869.9515,4958787.643247,0,False,False
455,2023-06-17 19:00:00,1730.58,1730.58,1726.73,1728.39,2701.764,2023-06-17 19:59:59.999,4669801.023099,6899,1298.0576,2243530.966783,0,False,False
456,2023-06-17 20:00:00,1728.39,1729.77,1723.09,1728.65,6328.3236,2023-06-17 20:59:59.999,10928472.909476,11655,3290.7067,5682378.518983,0,False,False
457,2023-06-17 21:00:00,1728.65,1729.85,1727.5,1728.36,2915.5187,2023-06-17 21:59:59.999,5039150.001196,6730,1641.2337,2836557.640498,0,False,False
458,2023-06-17 22:00:00,1728.37,1732.67,1728.36,1730.53,2442.7326,2023-06-17 22:59:59.999,4227883.768149,7722,1392.9124,2410756.455158,0,False,False
459,2023-06-17 23:00:00,1730.52,1731.77,1727.26,1727.76,2241.1579,2023-06-17 23:59:59.999,3875255.882329,6678,862.6864,1491675.680206,0,False,False
460,2023-06-18 00:00:00,1727.75,1728.3,1720.47,1725.06,8314.1435,2023-06-18 00:59:59.999,14334368.449928,15532,3866.6426,6665870.386506,0,False,False
461,2023-06-18 01:00:00,1725.06,1728.35,1724.12,1728.35,2217.4342,2023-06-18 01:59:59.999,3826524.301233,7094,1248.1678,2153927.349665,0,False,False
462,2023-06-18 02:00:00,1728.34,1728.88,1725.07,1725.08,2679.2594,2023-06-18 02:59:59.999,4626092.008007,7143,1106.4736,1910388.965842,0,False,False
463,2023-06-18 03:00:00,1725.08,1730.2,1724.88,1728.89,3076.2181,2023-06-18 03:59:59.999,5314695.295713,7232,1624.199,2805800.983878,0,False,False
464,2023-06-18 04:00:00,1728.9,1730.82,1728.0,1729.56,4077.1899,2023-06-18 04:59:59.999,7049535.374353,6642,2366.6656,4091606.794967,0,False,False
465,2023-06-18 05:00:00,1729.56,1738.32,1727.0,1727.6,8630.39,2023-06-18 05:59:59.999,14951953.495771,12685,4484.6444,7769557.791,0,False,False
466,2023-06-18 06:00:00,1727.59,1731.3,1722.43,1727.86,6187.2918,2023-06-18 06:59:59.999,10690365.091643,13590,2842.4618,4910980.899279,0,False,False
467,2023-06-18 07:00:00,1727.86,1734.41,1727.85,1730.14,6023.4434,2023-06-18 07:59:59.999,10427423.832735,13019,3539.7284,6127297.305813,0,False,False
468,2023-06-18 08:00:00,1730.14,1731.25,1725.78,1728.42,4622.9197,2023-06-18 08:59:59.999,7990823.532171,9616,2076.287,3588739.883063,0,False,False
469,2023-06-18 09:00:00,1728.41,1733.75,1726.93,1733.48,4789.4395,2023-06-18 09:59:59.999,8285239.905367,11012,3013.3992,5213239.834433,0,False,False
470,2023-06-18 10:00:00,1733.49,1734.35,1729.93,1731.96,3813.6131,2023-06-18 10:59:59.999,6605399.6555,9603,1543.4724,2673239.324829,0,False,False
471,2023-06-18 11:00:00,1731.96,1735.38,1730.65,1734.44,2658.493,2023-06-18 11:59:59.999,4606918.892854,8469,1275.0344,2209392.515936,0,False,False
472,2023-06-18 12:00:00,1734.45,1738.0,1730.2,1735.99,5492.6494,2023-06-18 12:59:59.999,9527033.507984,12005,2668.4028,4628553.952922,0,False,False
473,2023-06-18 13:00:00,1735.98,1740.0,1733.0,1733.06,4678.9424,2023-06-18 13:59:59.999,8122571.365374,11933,2313.0717,4015826.696637,0,False,False
474,2023-06-18 14:00:00,1733.06,1741.85,1731.52,1740.72,6994.1291,2023-06-18 14:59:59.999,12150519.744134,12336,4269.6633,7417632.106739,0,True,False
475,2023-06-18 15:00:00,1740.72,1742.21,1736.26,1738.11,4760.2027,2023-06-18 15:59:59.999,8277187.759841,10963,2248.7116,3910111.41889,0,True,False
476,2023-06-18 16:00:00,1738.12,1744.66,1736.22,1744.65,7749.0136,2023-06-18 16:59:59.999,13493151.095579,12407,4016.2113,6993538.229449,0,True,False
477,2023-06-18 17:00:00,1744.66,1747.84,1741.14,1745.47,8562.5953,2023-06-18 17:59:59.999,14939787.594472,11168,5648.0257,9854030.49787,0,True,False
478,2023-06-18 18:00:00,1745.46,1745.97,1738.28,1740.0,6366.3656,2023-06-18 18:59:59.999,11079779.438351,8052,3010.2203,5238533.632377,0,True,False
479,2023-06-18 19:00:00,1740.0,1741.96,1738.26,1741.33,3662.0763,2023-06-18 19:59:59.999,6372896.121957,6498,2222.9143,3868123.099248,0,True,False
480,2023-06-18 20:00:00,1741.34,1743.67,1720.77,1730.0,20254.0945,2023-06-18 20:59:59.999,35017153.615993,26651,9631.2008,16649540.716395,0,False,False
481,2023-06-18 21:00:00,1730.01,1730.64,1723.47,1725.01,6174.5729,2023-06-18 21:59:59.999,10667754.593629,10274,2191.3705,3785995.841291,0,False,False
482,2023-06-18 22:00:00,1725.01,1728.38,1722.42,1722.42,7140.9802,2023-06-18 22:59:59.999,12322534.909406,9314,3311.8307,5714884.796451,0,False,False
483,2023-06-18 23:00:00,1722.43,1725.44,1712.0,1720.95,17609.5552,2023-06-18 23:59:59.999,30269263.835489,20620,8704.8047,14962412.709932,0,False,False
484,2023-06-19 00:00:00,1720.95,1726.55,1714.32,1722.94,11120.1341,2023-06-19 00:59:59.999,19150893.890381,17096,6144.9794,10581531.558438,0,False,False
485,2023-06-19 01:00:00,1722.94,1727.4,1721.32,1725.32,3702.0848,2023-06-19 01:59:59.999,6384669.617879,7780,2145.113,3699148.070094,0,False,False
486,2023-06-19 02:00:00,1725.31,1728.2,1725.03,1727.14,3263.0818,2023-06-19 02:59:59.999,5635090.734238,7492,2077.2875,3587260.125001,0,False,False
487,2023-06-19 03:00:00,1727.13,1727.71,1721.65,1723.52,3135.0516,2023-06-19 03:59:59.999,5407612.604885,6837,1343.6145,2317443.374088,0,False,False
488,2023-06-19 04:00:00,1723.52,1726.73,1720.0,1724.26,4722.7733,2023-06-19 04:59:59.999,8136003.203495,8994,2599.9865,4478761.958486,0,False,True
489,2023-06-19 05:00:00,1724.26,1727.48,1723.56,1727.01,2773.9177,2023-06-19 05:59:59.999,4786071.221251,7288,1455.3009,2510949.19608,0,False,True
490,2023-06-19 06:00:00,1727.01,1727.58,1723.89,1724.74,2565.7914,2023-06-19 06:59:59.999,4428150.937602,8948,1190.6999,2055027.864684,0,False,True
491,2023-06-19 07:00:00,1724.75,1726.06,1722.62,1724.49,3273.7025,2023-06-19 07:59:59.999,5644276.682518,9587,1638.3865,2824500.004048,0,False,True
492,2023-06-19 08:00:00,1724.48,1725.62,1721.0,1722.77,4309.3215,2023-06-19 08:59:59.999,7425701.888525,9805,1486.0778,2560769.6837,0,False,True
493,2023-06-19 09:00:00,1722.77,1724.16,1720.05,1723.91,4682.282,2023-06-19 09:59:59.999,8065807.956421,9601,1580.2645,2722084.804857,0,False,True
494,2023-06-19 10:00:00,1723.92,1727.21,1720.57,1721.35,6984.2061,2023-06-19 10:59:59.999,12046631.547925,10610,3226.3385,5565499.220885,0,False,True
495,2023-06-19 11:00:00,1721.34,1726.58,1720.66,1725.87,4565.2281,2023-06-19 11:59:59.999,7868652.589305,9264,2323.3948,4004518.43685,0,False,True
496,2023-06-19 12:00:00,1725.87,1734.04,1725.08,1730.74,13921.3159,2023-06-19 12:59:59.999,24081789.391169,17851,6330.3255,10949501.021514,0,False,False
497,2023-06-19 13:00:00,1730.73,1733.77,1727.66,1728.19,6298.5818,2023-06-19 13:59:59.999,10898819.182605,13640,3000.0917,5191131.586261,0,False,False
498,2023-06-19 14:00:00,1728.2,1729.02,1716.01,1720.6,14694.8483,2023-06-19 14:59:59.999,25286327.178007,18618,7050.2849,12129776.62938,0,False,True
499,2023-06-19 15:00:00,1720.61,1722.14,1715.69,1720.66,6085.1596,2023-06-19 15:59:59.999,10457019.57606,9864,2218.5292,3812694.589082,0,False,True
